X_ActualPosition,X_ActualVelocity,X_ActualAcceleration,X_SetPosition,X_SetVelocity,X_SetAcceleration,X_CurrentFeedback,X_DCBusVoltage,X_OutputCurrent,X_OutputVoltage,X_OutputPower,Y_ActualPosition,Y_ActualVelocity,Y_ActualAcceleration,Y_SetPosition,Y_SetVelocity,Y_SetAcceleration,Y_CurrentFeedback,Y_DCBusVoltage,Y_OutputCurrent,Y_OutputVoltage,Y_OutputPower,Z_ActualPosition,Z_ActualVelocity,Z_ActualAcceleration,Z_SetPosition,Z_SetVelocity,Z_SetAcceleration,Z_CurrentFeedback,Z_DCBusVoltage,Z_OutputCurrent,Z_OutputVoltage,S_ActualPosition,S_ActualVelocity,S_ActualAcceleration,S_SetPosition,S_SetVelocity,S_SetAcceleration,S_CurrentFeedback,S_DCBusVoltage,S_OutputCurrent,S_OutputVoltage,S_OutputPower,S_SystemInertia,M_CURRENT_PROGRAM_NUMBER,M_sequence_number,M_CURRENT_FEEDRATE,Machining_Process
201,3,3,201,3,3,-0.62,0.0194,327,0.709,-1.03E-06,161,3.025,15.5,161,3,3,-0.561,0.0175,326,1.4,-1.08E-06,122,3,3,122,3,3,0,0,0,0,-1507,2.999,2.5,-1507,3,3,0.444,2.76E-19,327,0,1.72E-06,15,1,2,6,Prep
201,3,3,201,3,3,-0.779,0.0198,328,1.04,2.28E-06,161,3.025,15.5,161,3,3,0.159,0.0156,326,0.144,-1.32E-06,122,3,9.25,122,3,3,0,0,0,0,-1507,3.001,3.5,-1507,3,3,-0.4,2.76E-19,328,0,5.77E-07,15,1,0,6,Prep
201,3,3,201,3,3,0.979,0.0192,327,2.62,1.15E-06,161,3,9.25,161,3,3,-0.51,0.0277,326,2.18,1.58E-06,122,3,9.25,122,3,3,0,0,0,0,-1507,3,2.75,-1507,3,3,0.267,2.76E-19,327,0,-3.78E-07,15,1,0,6,Prep
201,3.025,15.5,201,3,3,-0.779,0.0179,327,1.84,0,161,3.025,15.5,161,3,3,0.0251,0.025,326,0.642,3.34E-06,122,3,3,122,3,3,0,0,0,0,-1507,3.001,3.5,-1507,3,3,0.443,2.76E-19,327,0,0,15,1,0,6,Prep
201,2.975,-9.5,201,3,3,-1.26,0.0164,328,1.35,2.56E-07,161,3,9.25,161,3,3,-0.0582,0.0166,327,1.58,0,122,2.975,-3.25,122,3,3,0,0,0,0,-1507,2.99825,2.562,-1507,3,3,0.865,2.76E-19,327,0,-4.07E-06,15,1,0,6,Prep
201,3,3,201,3,3,0.34,0.0207,327,1.13,1.69E-06,161,3.025,15.5,161,3,3,-0.427,0.0184,326,0.942,1.12E-06,122,3,-3.25,122,3,3,0,0,0,0,-1507,2.999,2.5,-1507,3,3,0.443,2.76E-19,327,0,1.67E-06,15,1,0,6,Prep
201,3,3,201,3,3,-0.46,0.0176,328,1.21,1.50E-06,161,3,9.25,161,3,3,-0.293,0.0205,326,0.781,0,122,2.975,-9.5,122,3,3,0,0,0,0,-1507,2.999,2.25,-1507,3,3,0.566,2.76E-19,327,0,1.73E-06,15,1,0,6,Prep
201,3,3,201,3,3,-1.9,0.0218,328,2.49,1.39E-06,161,3.025,15.5,161,3,3,-0.511,0.027,326,2.22,-3.14E-06,122,3,3,122,3,3,0,0,0,0,-1507,2.999,2.5,-1507,3,3,0.865,2.76E-19,327,0,0,15,1,0,6,Prep
201,3.025,21.8,201,3,3,0.0197,0.0166,327,1.54,-3.64E-06,161,3.025,21.8,161,3,3,0.712,0.0188,326,1.37,1.34E-06,122,2.975,-9.5,122,3,3,0,0,0,0,-1507,3.001,3,-1507,3,3,0.267,2.76E-19,328,0,1.27E-06,15,1,0,6,Prep
201,3.025,15.5,201,3,3,-1.1,0.0197,328,1.13,0,161,3,3,161,3,3,0.0249,0.0167,326,0.403,1.26E-06,122,3.025,15.5,122,3,3,0,0,0,0,-1507,3,2.75,-1507,3,3,0.566,2.76E-19,328,0,2.06E-06,15,1,0,6,Prep
154,-16.6,134,153,-17,3,-2.29,0.11,322,23.1,0.0037,76,3.025,21.8,76,3,3,1.18,0.0173,323,0.743,1.98E-07,32.5,3.15,9.25,32.5,3,3,0,0,0,0,-1507,23.3,113,-1507,24,103,60.1,2.52,317,56.4,0.187,15,1,2,20,Layer 1 Up
152,-17,-3.25,151,-17,3,-8.37,0.121,321,31.6,0.00506,76,3.025,15.5,76,3,3,0.381,0.0146,321,0.88,2.47E-07,32.5,3,9.25,32.5,3,3,0,0,0,0,-1507,33.2,113,-1507,34,103,61.5,2.85,313,78.5,0.314,15,1,14,20,Layer 1 Up
150,-17,-3.25,149,-17,3,-7.96,0.124,320,32.6,0.00512,76,3.05,28,76,3,3,0.22,0.0168,320,0.943,7.60E-07,32.5,3.025,15.5,32.5,3,3,0,0,0,0,-1497,43.2,100.7,-1497,44,103,60.6,2.72,311,101,0.4,15,1,14,20,Layer 1 Up
148,-16.8,78,148,-16.6,19.1,-5.53,0.0999,320,32,0.004,76.1,6.25,116,76.1,7,85.4,6.94,0.11,319,10.1,0.00081,32.5,3.025,15.5,32.5,3,3,0,0,0,0,-1497,53.2,147,-1497,54,103,66.5,3.07,306,120,0.56,15,1,14,20,Layer 1 Up
147,-13.7,40.5,146,-13.3,51.3,-3.84,0.0997,323,28.5,0.00347,76.8,14.1,-9.5,76.9,14.6,71.7,5.16,0.0773,322,20.2,0.00174,32.5,3.025,9.25,32.5,3,3,0,0,0,0,-1487,56.3,-7.8,-1487,56.3,2.999999046,21.9,1.11,318,120,0.216,15,1,16,20,Layer 1 Up
145,-7.6,159,145,-7.1,75.1,-6.66,0.0953,323,19.3,0.00204,78.3,20,234,78.4,20.3,46,9.46,0.155,322,28.5,0.0054,32.5,3,3,32.5,3,3,0,0,0,0,-1487,56.4,6.44,-1487,56.3,3,22.1,0.927,319,120,0.178,15,1,16,20,Layer 1 Up
145,-0.05,28,144,0.82,86.4,-2.64,0.0512,324,5.22,0.0003,80.1,22.7,34.3,80.3,22.9,12.87,7.78,0.164,322,32.2,0.00681,32.5,2.975,-9.5,32.5,3,3,0,0,0,0,-1477,56.3,7.75,-1477,56.3,3,24.7,1.08,318,118,0.209,15,1,16,20,Layer 1 Up
145,12.85,947,145,21,1003,18.9,0.328,323,24.5,0.00776,80.9,2.7,-116,80.9,3,3,-0.0463,0.0236,323,0.757,7.94E-07,32.5,3,3,32.5,3,3,0,0,0,0,-1477,56.5,42.6,-1477,56.3,3,13.4,0.891,319,116,0.167,15,1,16,20,Layer 1 Up
147,23.3,71.7,147,23,3,5.01,0.109,323,32,0.00455,80.9,3.025,15.5,80.9,3,3,-1.24,0.021,323,3.1,-2.54E-06,32.5,3,3,32.5,3,3,0,0,0,0,-1467,56.3,13.4,-1467,56.3,3,20.5,1.1,316,121,0.211,15,1,18,20,Layer 1 Up
147,8.65,103,148,9.25,99.1,5.64,0.106,323,13.3,0.00128,80.3,-17,-97,80.2,-16,33.5,-6.53,0.137,322,32.5,0.00541,32.5,3,9.25,32.5,3,3,0,0,0,0,-1467,56.3,10.94,-1467,56.3,2.999999046,23,1.13,318,116,0.22,15,1,18,20,Layer 1 Up
151,-17.1,-22,151,-17,3,-7,0.124,323,32.9,0.00521,92.5,2.9,-47,92.5,3,3,4.28,0.0731,322,7.76,-3.40E-05,32.5,3,9.25,32.5,3,3,0,0,0,0,-1357,56.3,-25.4,-1347,56.3,2.999999046,23.5,1.12,318,120,0.217,15,1,2,20,Layer 1 Up
149,-17,34.3,149,-17,3,-7,0.124,323,32.1,0.00525,92.5,2.9,-47,92.5,3,3,5.4,0.0714,323,6.39,-3.36E-05,32.5,2.975,-9.5,32.5,3,3,0,0,0,0,-1347,56.4,16.3,-1347,56.3,3,17,0.831,320,120,0.161,15,1,23,20,Layer 1 Up
147,-2.57,915,147,3,419,8.62,0.123,324,9.98,-0.000248,92.5,2.875,-59.5,92.5,3,3,4.85,0.0759,323,7.36,-3.65E-05,32.5,3,3,32.5,3,3,0,0,0,0,-1337,56.4,26.1,-1337,56.3,3,19,0.976,316,121,0.186,15,1,23,20,Layer 1 Up
146,-13.8,96.7,145,-13,92.5,-4.17,0.0875,323,27.2,0.00301,93,14.3,122,93.1,15,127,6.28,0.117,322,23,0.00277,32.5,2.975,-3.25,32.5,3,3,0,0,0,0,-1337,56.4,3.188,-1337,56.3,3,19.4,0.988,318,120,0.191,15,1,23,20,Layer 1 Up
145,-1.57,134,145,-0.3,153,-3.57,0.05,324,8.29,0.000394,94.6,22.4,9.25,94.7,22.7,30.5,10,0.182,322,32.9,0.00765,32.5,2.975,-9.5,32.5,3,3,0,0,0,0,-1327,56.4,13.7,-1327,56.3,3.000000954,19.3,0.799,320,120,0.154,15,1,25,20,Layer 1 Up
144,3,-3.25,144,3,3,-2.49,0.0335,324,4.44,-2.32E-05,96.1,23,96.7,96.2,23,3,5.49,0.145,322,34,0.00615,32.5,3,3,32.5,3,3,0,0,0,0,-1327,56.2,-47.7,-1327,56.3,2.999999046,27.9,1.24,318,120,0.237,15,1,25,20,Layer 1 Up
144,2.975,9.25,144,3,3,-2.79,0.0335,324,2.7,-1.98E-05,97.4,23.1,153,97.6,23,3,3.7,0.163,321,31.5,0.00651,32.5,3.025,15.5,32.5,3,3,0,0,0,0,-1317,56.4,13.3,-1317,56.3,3,20.6,0.961,319,120,0.186,15,1,25,20,Layer 1 Up
144,3,21.8,144,3,3,-2.24,0.0306,324,4.98,-1.25E-05,99.4,23,9.25,99.5,23,3,8.52,0.13,322,32.3,0.00548,32.5,3,9.25,32.5,3,3,0,0,0,0,-1317,56.3,-59.3,-1317,56.3,3,22.5,0.939,320,119,0.18,15,1,27,20,Layer 1 Up
144,3.025,28,144,3,3,-2.84,0.0345,323,4,-1.96E-05,101.3,22.7,-34.5,101.5,23,3,9.9,0.18,322,31.3,0.00773,32.5,3,9.25,32.5,3,3,0,0,0,0,-1307,56.3,3.5,-1307,56.3,3,23.4,1.13,318,118,0.217,15,1,27,20,Layer 1 Up
144,3,15.5,144,3,3,-2.29,0.0304,324,4.66,-8.14E-06,103,23,-9.5,104,23,3,5.99,0.155,322,33.4,0.0066,32.5,2.975,-9.5,32.5,3,3,0,0,0,0,-1307,56.3,-2.13,-1307,56.3,3.000000954,25.8,1.01,320,122,0.193,15,1,27,20,Layer 1 Up
201,3,3,201,3,3,-0.14,0.022,327,0.554,-3.98E-08,161,3,3,161,3,3,0.158,0.014,326,0.171,8.52E-07,122,3.025,9.25,122,3,3,0,0,0,0,-1507,3,3,-1507,3,3,0.566,2.76E-19,327,0,5.51E-07,15,1,2,6,Layer 1 Up
201,3,3,201,3,3,0.02,0.0192,327,0.752,1.22E-06,161,2.95,-9.5,161,3,3,-0.51,0.0247,326,2.16,3.26E-07,122,3.025,9.25,122,3,3,0,0,0,0,-1507,3.001,3.5,-1507,3,3,-0.278,2.76E-19,327,0,8.20E-07,15,1,0,6,Layer 1 Up
201,3.025,9.25,201,3,3,-0.458,0.0261,328,0.582,1.27E-06,161,3,9.25,161,3,3,0.661,0.0166,326,0.705,1.59E-06,122,2.975,-9.5,122,3,3,0,0,0,0,-1507,3.001,3,-1507,3,3,0.566,2.76E-19,327,0,2.24E-06,15,1,0,6,Layer 1 Up
201,3.05,15.5,201,3,3,-0.46,0.0212,327,1.29,2.06E-06,161,3,9.25,161,3,3,0.528,0.0223,326,0.977,1.46E-06,122,2.975,-9.5,122,3,3,0,0,0,0,-1507,3,3,-1507,3,3,0.144,2.76E-19,327,0,2.48E-07,15,1,0,6,Layer 1 Up
201,3,3,201,3,3,-0.3,0.0211,327,0.279,0,161,3,9.25,161,3,3,-0.829,0.0147,326,2.92,1.21E-06,122,3,3,122,3,3,0,0,0,0,-1507,2.999,2.5,-1507,3,3,-0.278,2.76E-19,327,0,0,15,1,0,6,Layer 1 Up
201,3,3,201,3,3,-0.939,0.0196,327,0.923,1.04E-07,161,2.975,-9.5,161,3,3,0.795,0.0211,326,0.0101,1.29E-06,122,3.025,15.5,122,3,3,0,0,0,0,-1507,2.998,2.25,-1507,3,3,0.566,2.76E-19,327,0,-2.37E-06,15,1,0,6,Layer 1 Up
201,3.025,15.5,201,3,3,-0.459,0.0179,327,1.14,9.62E-07,161,3.025,15.5,161,3,3,1.25,0.0212,326,1.02,-1.54E-06,122,3.025,9.25,122,3,3,0,0,0,0,-1507,3.001,3.25,-1507,3,3,-1.37,2.76E-19,327,0,1.27E-06,15,1,0,6,Layer 1 Up
201,2.95,-15.8,201,3,3,-2.06,0.0186,328,3.98,-9.27E-07,161,3.025,9.25,161,3,3,0.712,0.0174,326,1.05,-1.00E-06,122,3,3,122,3,3,0,0,0,0,-1507,3.001,3.25,-1507,3,3,0.0216,2.76E-19,327,0,1.22E-06,15,1,0,6,Layer 1 Up
201,3,3,201,3,3,-0.939,0.0198,328,1.35,0,161,2.975,-3.25,161,3,3,0.26,0.0151,326,1.56,9.24E-07,122,3,3,122,3,3,0,0,0,0,-1507,3,3.25,-1507,3,3,0.443,2.76E-19,328,0,-2.70E-06,15,1,0,6,Layer 1 Up
201,3,3,201,3,3,-2.38,0.0208,327,3.01,0,161,3,-3.25,161,3,3,-0.327,0.0206,326,2.65,0,122,3,3,122,3,3,0,0,0,0,-1507,3.002,3.5,-1507,3,3,-0.4,2.76E-19,328,0,7.10E-07,15,1,0,6,Layer 1 Up
201,2.975,-9.5,201,3,3,-0.62,0.0206,327,0.128,0,161,3,9.25,161,3,3,-0.0995,0.0177,326,0.843,5.48E-07,122,3,3,122,3,3,0,0,0,0,-1217,2.999,2.75,-1217,3,3,-0.705,2.77E-19,327,0,4.12E-06,15,1,2,50,Layer 1 Up
201,3,3,201,3,3,-1.1,0.019,328,1.04,0,161,3.025,15.5,161,3,3,-0.9,0.0272,326,2.45,1.82E-07,122,3,3,122,3,3,0,0,0,0,-1217,3.002,3.75,-1217,3,3,-0.705,2.77E-19,327,0,0,15,1,0,50,Layer 1 Up
201,3,3,201,3,3,-0.3,0.0469,328,1.45,-1.40E-06,161,3,9.25,161,3,3,-0.58,0.0236,326,2.37,3.30E-07,122,3,3,122,3,3,0,0,0,0,-1217,3.001,3.25,-1217,3,3,0.264,2.77E-19,327,0,1.09E-06,15,1,0,50,Layer 1 Up
201,3,3,201,3,3,-1.9,0.0293,328,1.77,0,161,3.025,21.8,161,3,3,-0.0999,0.0197,326,1.02,0,122,3,3,122,3,3,0,0,0,0,-1217,3,3,-1217,3,3,-0.518,2.77E-19,327,0,3.96E-06,15,1,0,50,Layer 1 Up
201,3,3,201,3,3,-1.1,0.0198,327,1.26,0,161,3.025,15.5,161,3,3,1.5,0.0249,326,1.5,3.11E-07,122,3,3,122,3,3,0,0,0,0,-1217,3,2.75,-1217,3,3,-0.705,2.77E-19,327,0,-4.91E-06,15,1,0,50,Layer 1 Up
201,3,3,201,3,3,0.18,0.0302,327,0.989,-2.42E-06,161,3,9.25,161,3,3,-0.58,0.0251,326,2.47,9.87E-07,122,3,3,122,3,3,0,0,0,0,-1217,2.999,2.5,-1217,3,3,-0.705,2.77E-19,327,0,-3.20E-06,15,1,0,50,Layer 1 Up
201,3,9.25,201,3,3,-0.619,0.0229,327,0.885,4.68E-06,161,3,3,161,3,3,-1.22,0.0207,326,2.71,1.84E-06,122,3,3,122,3,3,0,0,0,0,-1217,3,2.75,-1217,3,3,-0.518,2.77E-19,327,0,3.24E-06,15,1,0,50,Layer 1 Up
201,2.975,-3.25,201,3,3,-1.74,0.0205,328,2.23,3.35E-06,161,3.025,21.8,161,3,3,0.699,0.0179,326,0.561,5.53E-07,122,3,9.25,122,3,3,0,0,0,0,-1217,2.998,2.25,-1217,3,3,-0.705,2.77E-19,327,0,-2.74E-06,15,1,0,50,Layer 1 Up
201,3,3,201,3,3,-0.46,0.0195,328,0.366,-1.46E-06,161,3,9.25,161,3,3,-0.0994,0.0157,326,0.914,3.13E-07,122,3,3,122,3,3,0,0,0,0,-1217,3.002,3.75,-1217,3,3,0.264,2.77E-19,327,0,-1.08E-06,15,1,0,50,Layer 1 Up
201,3,3,201,3,3,0.18,0.0223,328,1.45,-1.33E-06,161,3,9.25,161,3,3,-0.0999,0.0222,326,0.755,0,122,3,3,122,3,3,0,0,0,0,-1217,3,2.75,-1217,3,3,-3.91,2.77E-19,327,0,4.67E-06,15,1,0,50,Layer 1 Up
155,3,9.25,155,3,3,-0.634,0.0364,327,1.44,0,108,3.025,21.8,108,3,3,-0.934,0.0197,326,2.75,0,32.5,3,-3.25,32.5,3,3,0,0,0,0,-1247,40.9,-55.3,-1247,3,3,-0.324,2.77E-19,327,0,0.00144,15,1,2,50,Layer 1 Up
155,2.975,-9.5,155,3,3,-1.76,0.0217,327,3.27,-8.75E-07,108,3.025,15.5,108,3,3,-0.298,0.0154,326,3.81,0,32.5,2.975,-9.5,32.5,3,3,0,0,0,0,-1237,37.6,-45,-1237,3,3,-0.304,2.77E-19,327,0,0.000184,15,1,0,50,Layer 1 Up
155,2.975,-3.25,155,3,3,-0.0222,0.0206,327,1.53,1.27E-06,108,3.05,21.8,108,3,3,-0.934,0.0225,326,2.31,-1.18E-05,32.5,2.975,-9.5,32.5,3,3,0,0,0,0,-1237,34,-6.12,-1237,3,3,0.32,2.77E-19,327,0,-0.00156,15,1,0,50,Layer 1 Up
155,3,3,155,3,3,0.79,0.0254,327,0.931,-1.09E-06,108,3.025,21.8,108,3,3,-1.19,0.0266,326,2.96,-1.94E-06,32.5,2.975,-9.5,32.5,3,3,0,0,0,0,-1237,30.6,-0.13,-1237,3,3,0.0942,2.77E-19,327,0,-0.000889,15,1,0,50,Layer 1 Up
155,3,3,155,3,3,0.225,0.02,327,0.178,1.14E-06,108,3.025,15.5,108,3,3,-0.802,0.0271,326,3.61,-2.10E-06,32.5,3,3,32.5,3,3,0,0,0,0,-1227,27.3,-47.4,-1227,3,3,0.0744,2.77E-19,327,0,-0.000575,15,1,0,50,Layer 1 Up
155,3,-3.25,155,3,3,1.11,0.0201,327,2.37,-9.15E-07,108,3,9.25,108,3,3,-0.637,0.0198,326,2.8,-1.78E-06,32.5,2.975,-9.5,32.5,3,3,0,0,0,0,-1227,24.1,-22,-1227,3,3,0.56,2.77E-19,327,0,-0.000675,15,1,0,50,Layer 1 Up
155,3,9.25,155,3,3,-0.0455,0.0208,327,1.03,0,108,3.025,15.5,108,3,3,-1.23,0.0183,326,2.35,0,32.5,9.55,1273,32.6,17,1003,0,0,0,0,-1227,20.9,-63.5,-1227,3,3,-0.0509,2.77E-19,327,0,-0.00112,15,1,0,50,Layer 1 Up
155,2.975,-3.25,155,3,3,0.249,0.0281,327,1.2,0,108,3.025,15.5,108,3,3,-1.14,0.0191,325,2.88,-3.52E-06,36.7,53,-9.5,37,53,3,0,0,0,0,-1227,17.7,-32,-1227,3,3,0.381,2.77E-19,327,0,0.000969,15,1,0,50,Layer 1 Up
155,3,9.25,155,3,3,-2.66,0.0352,327,5.68,0,108,3.025,15.5,108,3,3,-1.32,0.0203,326,2.17,-2.12E-06,41.7,53,40.5,42,53,3,0,0,0,0,-1227,14.8,-2.5,-1227,3,3,-0.466,2.77E-19,327,0,-0.000602,15,1,0,50,Layer 1 Up
155,3,3,155,3,3,-1.8,0.022,327,3.98,-9.16E-07,108,3.025,15.5,108,3,3,-0.637,0.02,326,3.11,0,46.6,52.9,3,47,53,3,0,0,0,0,-1227,11.71,-59.6,-1227,3,3,-0.438,2.77E-19,326,0,-0.000414,15,1,0,50,Layer 1 Up
201,3.025,15.5,201,3,3,-0.779,0.0249,327,1.19,1.61E-06,161,3,-3.25,161,3,3,0.343,0.0178,326,0.664,0,122,3,9.25,122,3,3,0,0,0,0,-1507,2.999,2.75,-1507,3,3,0.865,2.76E-19,327,0,-1.04E-06,15,1,2,6,Layer 1 Up
201,3.025,9.25,201,3,3,-0.14,0.0201,327,0.817,-8.44E-07,161,3,9.25,161,3,3,-0.0579,0.0169,326,1.89,1.03E-06,122,3,3,122,3,3,0,0,0,0,-1507,3.001,3.25,-1507,3,3,0.444,2.76E-19,327,0,2.88E-06,15,1,0,6,Layer 1 Up
201,3,3,201,3,3,-0.14,0.0223,328,0.253,-6.74E-07,161,3,3,161,3,3,1.2,0.0152,326,1.92,5.09E-07,122,2.975,-9.5,122,3,3,0,0,0,0,-1507,3,3,-1507,3,3,0.443,2.76E-19,327,0,-8.53E-07,15,1,0,6,Layer 1 Up
201,3,-3.25,201,3,3,-0.779,0.022,327,1.06,0,161,3,-3.25,161,3,3,1.11,0.0268,326,0.64,1.72E-06,122,3,3,122,3,3,0,0,0,0,-1507,2.999,2.75,-1507,3,3,0.0216,2.76E-19,327,0,-2.13E-06,15,1,0,6,Layer 1 Up
201,3,9.25,201,3,3,-1.1,0.0179,327,1.18,-4.90E-07,161,2.975,-15.8,161,3,3,-0.561,0.03,326,2.53,0,122,3,9.25,122,3,3,0,0,0,0,-1507,3.001,3.5,-1507,3,3,-0.4,2.76E-19,327,0,1.01E-06,15,1,0,6,Layer 1 Up
201,3,9.25,201,3,3,-1.9,0.0211,327,2.25,4.82E-06,161,3,-3.25,161,3,3,-0.192,0.0146,326,1.93,0,122,2.975,-9.5,122,3,3,0,0,0,0,-1507,3.002,3.75,-1507,3,3,0.144,2.76E-19,327,0,-1.09E-06,15,1,0,6,Layer 1 Up
201,3,3,201,3,3,-0.779,0.0201,327,1.29,-1.28E-06,161,3.025,9.25,161,3,3,0.661,0.0159,326,0.524,-9.87E-07,122,3,9.25,122,3,3,0,0,0,0,-1507,2.999,2.75,-1507,3,3,0.321,2.76E-19,327,0,-1.75E-06,15,1,0,6,Layer 1 Up
201,3,3,201,3,3,0.979,0.0271,327,1.98,-1.17E-06,161,3,3,161,3,3,0.846,0.0142,326,0.755,9.19E-07,122,3,9.25,122,3,3,0,0,0,0,-1507,2.999,2.5,-1507,3,3,0.0753,2.76E-19,327,0,-1.37E-06,15,1,0,6,Layer 1 Up
201,3,3,201,3,3,-0.62,0.022,328,0.234,0,161,3.05,28,161,3,3,0.344,0.0229,327,1.03,0,122,3,3,122,3,3,0,0,0,0,-1507,3.001,3.5,-1507,3,3,5.68,2.76E-19,328,0,2.75E-06,15,1,0,6,Layer 1 Up
201,3,3,201,3,3,0.18,0.0191,328,1.42,0,161,2.975,-9.5,161,3,3,1.35,0.0189,327,1.87,0,122,2.975,-9.5,122,3,3,0,0,0,0,-1507,2.999,2.75,-1507,3,3,0.321,2.76E-19,328,0,-1.48E-06,15,1,0,6,Layer 1 Up
201,3,3,201,3,3,-2.06,0.0276,328,3.24,1.21E-06,161,3,9.25,161,3,3,-0.243,0.0161,326,1.27,1.82E-06,122,3,3,122,3,3,0,0,0,0,-1507,3.001,3.5,-1507,3,3,0.444,2.76E-19,328,0,0,15,1,0,6,Layer 1 Up
144,3,15.5,144,3,3,-1.15,0.0339,324,5.66,-1.22E-05,105,23.2,84.2,105,23,3,6.51,0.133,322,35.1,0.00559,32.5,3.025,15.5,32.5,3,3,0,0,0,0,-1297,56.3,-33.6,-1297,56.3,2.999999046,24.7,1.09,319,119,0.21,15,1,2,20,Layer 1 Up
145,6.58,103,145,7.84,152,6.71,0.127,323,13.4,0.000992,106,23.1,122,106,22.4,-31.7,7.19,0.124,322,32.7,0.00498,32.5,3.025,9.25,32.5,3,3,0,0,0,0,-1297,56.3,25.3,-1297,56.3,3,23.9,1.05,319,120,0.202,15,1,27,20,Layer 1 Up
146,19,9.25,146,19.9,86.4,8.43,0.139,323,28.8,0.00453,108,14.2,-197,108,13.7,-125,6.68,0.127,322,23.9,0.00289,32.5,2.95,-15.8,32.5,3,3,0,0,0,0,-1287,56.3,-39.8,-1287,56.3,3,25.4,1.16,318,119,0.223,15,1,29,20,Layer 1 Up
147,6.2,765,147,13,1003,11.9,0.147,324,17.9,0.000984,108,3.025,21.8,108,3,3,0.0688,0.0215,323,3.23,-3.71E-06,32.5,3.025,15.5,32.5,3,3,0,0,0,0,-1287,56.5,41.7,-1287,56.3,3,16.7,0.86,320,118,0.164,15,1,29,20,Layer 1 Up
149,23,40.5,149,23,3,6.96,0.138,323,33.5,0.00594,108,3,9.25,108,3,3,-0.341,0.0192,322,3.36,0,32.5,3,-9.5,32.5,3,3,0,0,0,0,-1277,56.3,4.5,-1277,56.3,3.000000954,26,1.1,319,122,0.211,15,1,29,20,Layer 1 Up
151,23.1,9.25,151,23,3,7.34,0.125,323,32.6,0.00515,108,3.025,15.5,108,3,3,-0.89,0.028,322,2.65,-4.56E-06,32.5,2.975,-9.5,32.5,3,3,0,0,0,0,-1277,56.3,-27.7,-1267,56.3,2.999999046,24.9,1.16,319,119,0.225,15,1,29,20,Layer 1 Up
153,23.1,-9.5,153,23,3,6.85,0.102,323,31,0.00421,108,2.95,-22,108,3,3,-0.978,0.0195,322,1.25,-2.97E-06,32.5,3.075,34.3,32.5,3,3,0,0,0,0,-1267,56.4,10.69,-1267,56.3,3,20.2,0.881,320,120,0.171,15,1,29,20,Layer 1 Up
155,12.27,-1137,155,5,-997,-5.28,0.12,324,5.62,-0.00167,108,2.975,-9.5,108,3,3,-0.385,0.0233,323,2.48,1.16E-05,32.5,2.975,-3.25,32.5,3,3,0,0,0,0,-1257,56.2,71.3,-1257,3,3,-0.242,0.0263,324,0,-0.00129,15,1,29,50,Layer 1 Up
155,2.925,-22,155,3,3,-0.892,0.0201,327,0.974,1.72E-07,108,3.025,15.5,108,3,3,-0.298,0.0235,326,3.7,-4.25E-06,32.5,3,-3.25,32.5,3,3,0,0,0,0,-1257,52.2,59.4,-1257,3,3,0.218,2.07E-15,327,0,0.00121,15,1,0,50,Layer 1 Up
155,2.975,-3.25,155,3,3,0.496,0.0193,327,0.222,0,108,3,3,108,3,3,-0.681,0.018,326,2.68,-5.15E-06,32.5,3,9.25,32.5,3,3,0,0,0,0,-1247,48.3,-14.4,-1247,3,3,0.478,2.77E-19,327,0,0.00423,15,1,0,50,Layer 1 Up
155,2.975,-15.8,155,3,3,-0.623,0.0224,327,1.71,9.45E-07,108,3.05,21.8,108,3,3,-0.254,0.0226,326,3.93,-4.26E-06,32.5,2.975,-9.5,32.5,3,3,0,0,0,0,-1247,44.6,-29.7,-1247,3,3,-0.11,2.77E-19,327,0,0.00229,15,1,0,50,Layer 1 Up
201,3,3,201,3,3,-0.939,0.0227,328,1.61,0,161,3,9.25,161,3,3,-0.695,0.0269,327,2.1,-1.33E-06,122,3,-3.25,122,3,3,0,0,0,0,-1507,3.001,3.25,-1507,3,3,0.321,2.76E-19,328,0,4.09E-06,15,1,2,6,End
201,3,3,201,3,3,0.34,0.0263,328,1.73,0,161,3,3,161,3,3,0.209,0.0159,326,0.654,0,122,3.025,9.25,122,3,3,0,0,0,0,-1507,2.999,2.75,-1507,3,3,0.0216,2.76E-19,328,0,2.69E-08,15,1,0,6,End
201,3,3,201,3,3,0.0195,0.0231,328,0.149,-1.39E-06,161,3.025,15.5,161,3,3,-0.326,0.0146,326,2.32,0,122,2.975,-9.5,122,3,3,0,0,0,0,-1507,2.998,2,-1507,3,3,0.0215,2.76E-19,328,0,1.11E-06,15,1,0,6,End
201,2.975,-3.25,201,3,3,-0.299,0.0221,328,1.42,-1.53E-06,161,3,9.25,161,3,3,-0.109,0.0178,326,1.05,0,122,2.975,-9.5,122,3,3,0,0,0,0,-1507,2.999,2.25,-1507,3,3,0.443,2.76E-19,328,0,0,15,1,0,6,End
201,3,3,201,3,3,-0.779,0.0231,328,1.09,1.05E-06,161,3.025,21.8,161,3,3,-0.109,0.0164,327,0.725,-8.02E-07,122,3.025,9.25,122,3,3,0,0,0,0,-1507,3.00025,3.937,-1507,3,3,0.566,2.76E-19,328,0,0,15,1,0,6,End
201,3.025,15.5,201,3,3,-0.939,0.018,328,1.49,0,161,3,3,161,3,3,0.0248,0.0147,326,0.781,-1.98E-06,122,3,-3.25,122,3,3,0,0,0,0,-1507,3,3,-1507,3,3,-0.101,2.76E-19,328,0,1.34E-06,15,1,0,6,End
201,3,3,201,3,3,-1.42,0.0212,328,1.42,1.05E-06,161,3,9.25,161,3,3,-2.6,0.0202,326,4.1,0,122,3,9.25,122,3,3,0,0,0,0,-1507,3,3.25,-1507,3,3,-0.278,2.76E-19,327,0,0,15,1,0,6,End
201,3,3,201,3,3,-0.939,0.0227,328,2.31,-2.28E-06,161,3,15.5,161,3,3,-0.51,0.0165,326,1.93,9.12E-07,122,3,9.25,122,3,3,0,0,0,0,-1507,3.001,3.25,-1507,3,3,-0.155,2.76E-19,327,0,-2.63E-06,15,1,0,6,End
201,3,3,201,3,3,-0.459,0.0172,327,0.841,3.42E-06,161,3.05,21.8,161,3,3,-0.561,0.015,326,1.36,-9.93E-07,122,3,3,122,3,3,0,0,0,0,-1507,2.999,3.25,-1507,3,3,0.321,2.76E-19,328,0,-1.38E-06,15,1,0,6,End
201,3,3,201,3,3,-0.3,0.0212,327,0.825,1.69E-06,161,3.025,15.5,161,3,3,-1.01,0.0197,326,2.42,-7.50E-07,122,3,3,122,3,3,0,0,0,0,-1507,3.001,3.5,-1507,3,3,0.0216,2.76E-19,327,0,0,15,1,0,6,End
201,3,9.25,201,3,3,3.86,0.0272,328,6.44,0,161,3.025,15.5,161,3,3,0.209,0.0147,326,0.771,1.11E-06,122,3,3,122,3,3,0,0,0,0,-1507,3,3,-1507,3,3,1.16,2.76E-19,328,0,2.22E-06,15,1,0,6,End
201,3,3,201,3,3,-1.26,0.0182,327,0.997,0,161,3.025,21.8,161,3,3,0.662,0.0177,326,1.47,1.13E-06,122,3.025,15.5,122,3,3,0,0,0,0,-1507,3.002,3.75,-1507,3,3,0.144,2.76E-19,327,0,0,15,1,0,6,End
201,3,3,201,3,3,0.34,0.0363,327,1.82,-1.08E-06,161,3,-3.25,161,3,3,-0.427,0.0132,326,0.999,0,122,3,3,122,3,3,0,0,0,0,-1507,3,3.25,-1507,3,3,0.566,2.76E-19,327,0,-1.43E-06,15,1,2,6,End
201,2.975,-3.25,201,3,3,1.14,0.024,327,1.12,8.53E-07,161,2.975,3,161,3,3,-0.561,0.0208,326,1.7,0,122,3,3,122,3,3,0,0,0,0,-1507,2.998,2.25,-1507,3,3,0.566,2.76E-19,327,0,-2.74E-06,15,1,0,6,End
201,3,3,201,3,3,-1.1,0.0221,327,1.63,-9.79E-07,161,3,3,161,3,3,-0.528,0.0154,326,1.17,-1.57E-06,122,2.975,-9.5,122,3,3,0,0,0,0,-1507,3,2.5,-1507,3,3,0.866,2.76E-19,327,0,0,15,1,0,6,End
201,3,3,201,3,3,-0.619,0.0201,327,0.32,0,161,3.05,21.8,161,3,3,-0.561,0.0332,326,1.43,0,122,3,9.25,122,3,3,0,0,0,0,-1507,3.002,4,-1507,3,3,0.566,2.76E-19,327,0,1.22E-06,15,1,0,6,End
201,3,3,201,3,3,0.34,0.0279,327,1.03,-4.34E-06,161,2.975,-9.5,161,3,3,-1.47,0.021,326,3.14,4.13E-07,122,3,3,122,3,3,0,0,0,0,-1507,3.001,3.25,-1507,3,3,-0.523,2.76E-19,327,0,0,15,1,0,6,End
201,3,3,201,3,3,-0.14,0.016,327,1.11,-2.39E-06,161,3.025,9.25,161,3,3,-0.88,0.0163,326,1.7,-1.09E-06,122,3.025,9.25,122,3,3,0,0,0,0,-1507,3,3.5,-1507,3,3,0.144,2.76E-19,327,0,0,15,1,0,6,End
201,3,3,201,3,3,-0.939,0.0179,327,1.65,-2.60E-06,161,3.025,15.5,161,3,3,0.159,0.0165,326,0.737,1.86E-06,122,3.025,15.5,122,3,3,0,0,0,0,-1507,2.999,2.5,-1507,3,3,0.743,2.76E-19,327,0,2.45E-06,15,1,0,6,End
201,3,3,201,3,3,0.499,0.0217,327,1.86,7.65E-07,161,2.975,-15.8,161,3,3,-1.01,0.0192,326,2.3,1.67E-06,122,3,3,122,3,3,0,0,0,0,-1507,3.00225,4.38,-1507,3,3,-5.71,2.76E-19,327,0,2.05E-07,15,1,0,6,End
201,3,3,201,3,3,-0.779,0.0248,327,1.02,6.72E-07,161,3,9.25,161,3,3,0.292,0.017,326,0.464,-6.57E-07,122,3,3,122,3,3,0,0,0,0,-1507,3.001,3.5,-1507,3,3,0.144,2.76E-19,327,0,7.06E-07,15,1,0,6,End
201,3.025,9.25,201,3,3,-0.299,0.0193,327,0.53,9.78E-07,161,2.975,-15.8,161,3,3,-0.377,0.0251,326,1.72,-6.82E-07,122,3,3,122,3,3,0,0,0,0,-1507,2.997,1.69,-1507,3,3,0.0215,2.76E-19,327,0,-1.88E-06,15,1,0,6,End
201,3.025,15.5,201,3,3,-2.06,0.0257,328,1.95,0,161,2.975,3,161,3,3,0.209,0.0163,326,0.769,0,122,3,3,122,3,3,0,0,0,0,-1507,2.999,2.75,-1507,3,3,0.144,2.76E-19,328,0,-4.30E-06,15,1,2,6,End
201,3,3,201,3,3,-0.619,0.0321,328,1.3,-4.83E-07,161,3,3,161,3,3,2.02,0.024,327,2.65,-3.87E-08,122,3.025,15.5,122,3,3,0,0,0,0,-1507,3,3,-1507,3,3,0.444,2.76E-19,328,0,1.71E-06,15,1,0,6,End
201,3.025,9.25,201,3,3,-1.42,0.021,328,1.19,0,161,3,3,161,3,3,-0.025,0.0171,326,0.333,-2.59E-06,122,3,3,122,3,3,0,0,0,0,-1507,2.99675,1.69,-1507,3,3,0.566,2.76E-19,327,0,0,15,1,0,6,End
201,3,3,201,3,3,-0.779,0.0176,328,0.965,1.42E-06,161,3.05,28,161,3,3,0.209,0.0183,326,0.748,1.28E-06,122,3,-3.25,122,3,3,0,0,0,0,-1507,3,2.75,-1507,3,3,0.0216,2.76E-19,327,0,0,15,1,0,6,End
201,3,3,201,3,3,-0.939,0.0243,327,1.19,-1.47E-06,161,3.025,15.5,161,3,3,0.528,0.0166,326,0.747,0,122,2.975,-3.25,122,3,3,0,0,0,0,-1507,3,3.5,-1507,3,3,0.0216,2.76E-19,327,0,0,15,1,0,6,End
201,3,3,201,3,3,0.02,0.0205,327,1.11,-2.23E-07,161,3.025,9.25,161,3,3,-0.377,0.0179,326,1.74,1.28E-06,122,3,3,122,3,3,0,0,0,0,-1507,3,2.5,-1507,3,3,2.68,2.76E-19,327,0,1.92E-06,15,1,0,6,End
201,3,3,201,3,3,0.499,0.0206,327,1.34,-1.28E-06,161,3,9.25,161,3,3,0.661,0.0193,326,0.634,7.67E-07,122,3,3,122,3,3,0,0,0,0,-1507,3.002,3.75,-1507,3,3,1.06,2.76E-19,328,0,2.53E-06,15,1,0,6,End
201,3,3,201,3,3,-0.779,0.0341,327,1.25,-5.68E-06,161,3.025,15.5,161,3,3,-0.829,0.02,326,1.92,2.12E-06,122,3,9.25,122,3,3,0,0,0,0,-1507,2.999,2.75,-1507,3,3,1.59,2.76E-19,327,0,-4.22E-07,15,1,0,6,End
201,3,3,201,3,3,-0.46,0.0168,327,1.02,-6.52E-07,161,2.975,-3.25,161,3,3,0.661,0.018,326,0.723,1.07E-06,122,2.975,-9.5,122,3,3,0,0,0,0,-1507,2.999,2.75,-1507,3,3,0.566,2.76E-19,328,0,-3.08E-06,15,1,0,6,End
201,3,3,201,3,3,0.02,0.0187,328,0.772,0,161,3.025,21.8,161,3,3,0.0251,0.0177,327,0.421,0,122,3,3,122,3,3,0,0,0,0,-1507,2.999,3,-1507,3,3,0.443,2.76E-19,328,0,-1.44E-06,15,1,0,6,End
201,3,-3.25,201,3,3,-0.3,0.026,327,1.83,-1.41E-06,161,3,-3.25,161,3,3,-0.0995,0.0141,326,3.04,7.69E-08,122,3,3,122,3,3,0,0,0,0,-1217,3.001,3,-1217,3,3,-0.518,2.77E-19,327,0,-5.83E-06,15,1,2,50,End
201,3,3,201,3,3,-0.619,0.0207,327,0.522,-3.59E-06,161,3.025,21.8,161,3,3,-1.06,0.0339,326,1.99,-5.65E-07,122,3,3,122,3,3,0,0,0,0,-1217,3,3,-1217,3,3,-0.705,2.77E-19,327,0,4.34E-06,15,1,0,50,End
201,3,3,201,3,3,-2.06,0.022,327,1.55,1.52E-06,161,3.025,21.8,161,3,3,0.54,0.0166,326,0.187,-2.44E-07,122,3,3,122,3,3,0,0,0,0,-1217,3.001,3.75,-1217,3,3,-0.518,2.77E-19,327,0,-4.17E-06,15,1,0,50,End
201,3,3,201,3,3,-0.14,0.0229,327,1.19,3.01E-06,161,3.025,9.25,161,3,3,-1.06,0.0177,326,2.32,4.36E-07,122,3,3,122,3,3,0,0,0,0,-1217,2.99675,1.94,-1217,3,3,-0.407,2.77E-19,327,0,-5.16E-07,15,1,0,50,End
201,3,9.25,201,3,3,-0.459,0.0213,327,1.14,-1.51E-06,161,3.025,21.8,161,3,3,-0.899,0.0211,326,2.59,0,122,3,3,122,3,3,0,0,0,0,-1217,2.999,2.5,-1217,3,3,-0.705,2.77E-19,327,0,3.48E-06,15,1,0,50,End
201,3,3,201,3,3,-0.459,0.0216,327,1.1,1.59E-06,161,3.025,28,161,3,3,-0.9,0.0143,326,2.47,-3.01E-07,122,3,3,122,3,3,0,0,0,0,-1217,3,3,-1217,3,3,-1.19,2.77E-19,327,0,-2.95E-06,15,1,0,50,End
201,3.025,9.25,201,3,3,-1.42,0.021,328,0.739,3.32E-06,161,3,3,161,3,3,1.98,0.0291,326,0.775,2.54E-07,122,3,3,122,3,3,0,0,0,0,-1217,2.999,2.25,-1217,3,3,-0.518,2.77E-19,327,0,5.34E-06,15,1,0,50,End
201,3,-3.25,201,3,3,-0.779,0.021,327,0.864,0,161,3.025,21.8,161,3,3,-0.26,0.0174,326,1.63,-7.53E-07,122,3,3,122,3,3,0,0,0,0,-1217,3.002,4,-1217,3,3,-0.705,2.77E-19,327,0,-3.34E-06,15,1,0,50,End
201,3,3,201,3,3,-0.14,0.0175,328,1.92,-3.02E-06,161,3,9.25,161,3,3,-0.58,0.0145,327,2.3,0,122,3.025,9.25,122,3,3,0,0,0,0,-1217,3.001,3.5,-1217,3,3,-0.518,2.77E-19,328,0,0,15,1,0,50,End
201,3,-3.25,201,3,3,-1.1,0.0397,328,0.319,2.76E-06,161,3.05,28,161,3,3,-0.419,0.0163,326,1.11,-1.54E-07,122,3,3,122,3,3,0,0,0,0,-1217,3.002,3.75,-1217,3,3,-0.221,2.77E-19,327,0,-1.92E-06,15,1,0,50,End
165,-15,28,164,-14.9,3,-5.85,0.107,326,30.2,0.00411,95,-29.7,-128,94.8,-29.4,3.0000954,-7.33,0.16,325,49.8,0.0111,53.3,-30.5,59.3,53,-30.7,3.0000954,0,0,0,0,-1507,3,3.5,-1507,3,3,0.566,2.76E-19,327,0,-1.35E-06,15,1,2,50,End
163,-15,9.25,163,-14.9,2.9999046,-4.73,0.117,327,30.3,0.00447,91.8,-29.5,46.8,91.5,-29.4,3.0000954,-8.51,0.14,325,48.1,0.00951,49.9,-30.7,-3.25,49.6,-30.7,3.0000954,0,0,0,0,-1507,3,2.75,-1507,3,3,0.321,2.76E-19,327,0,-2.22E-06,15,1,7,50,End
161,-14.9,3,161,-14.9,3.000191,-6.58,0.123,327,29.5,0.00455,88.5,-29,172,88.3,-29.4,2.9999046,-11.1,0.21,325,48.7,0.0141,46.5,-30.6,21.8,46.3,-30.7,2.999809,0,0,0,0,-1507,3.001,3.25,-1507,3,3,0.321,2.76E-19,327,0,0,15,1,7,50,End
159,-15.2,-90.7,159,-14.9,2.9999046,-7.21,0.117,327,29.5,0.00431,85.3,-29.3,-47,85,-29.4,2.9999046,-11.2,0.217,325,48.7,0.0148,43.2,-30.7,-9.5,42.9,-30.7,3,0,0,0,0,-1507,3.001,3.75,-1507,3,3,0.267,2.76E-19,327,0,0,15,1,7,50,End
157,-15,-47,157,-14.9,3,-8.32,0.121,327,29.5,0.00452,82.1,-29.4,-72,81.8,-29.4,3.0000954,-10.1,0.187,325,50.9,0.0129,39.8,-30.7,3,39.5,-30.7,2.9999046,0,0,0,0,-1507,2.999,2.75,-1507,3,3,-0.278,2.76E-19,327,0,0,15,1,7,50,End
156,-14.8,-3.25,155,-14.9,3,-7.6,0.13,326,30.6,0.00489,78.8,-29.3,84.2,78.6,-29.4,3.0000954,-9.11,0.182,325,49.6,0.0123,36.4,-30.7,-15.8,36.2,-30.7,3.0000954,0,0,0,0,-1507,3,2.75,-1507,3,3,0.62,2.76E-19,327,0,7.62E-07,15,1,7,50,End
154,-2.03,378,154,0.67,361,-0.864,0.0321,327,7.85,0.000177,76,-7.1,478,76,-1.21,650,3.01,0.0594,326,7.29,-0.000763,33.6,-6.75,678,33.5,-1.38,676,0,0,0,0,-1507,3,3,-1507,3,3,-0.155,2.76E-19,327,0,-7.20E-07,15,1,7,50,End
154,3.1,53,154,3,3,0.964,0.0284,328,1.84,0,76,3.075,34.3,76,3,3,-0.58,0.0171,326,2.3,2.36E-06,33.5,3.025,3,33.5,3,3,0,0,0,0,-1507,3,3.25,-1507,3,3,-0.4,0.0271,328,0.974,5.26E-07,15,1,7,50,End
154,3.125,59.3,154,3,3,0.665,0.0288,328,1.23,0,76,3.05,34.3,76,3,3,0.7,0.0168,326,0.128,-8.92E-07,33.5,3,3,33.5,3,3,0,0,0,0,-1507,3.022,8.25,-1507,4,103,6.71,0.176,327,9.49,6.33E-05,15,1,9,50,End
154,3.1,53,154,3,3,0.479,0.0278,326,2.71,-2.81E-06,76,3.05,28,76,3,3,-0.74,0.0155,325,2.68,9.17E-07,33.5,1.87,-272,33.4,-7,-997,0,0,0,0,-1507,13.3,153,-1507,14,103,54.8,2.56,321,38.4,0.095,15,1,9,20,End
201,3,-3.25,201,3,3,1.62,0.024,327,3.63,0,161,3.025,15.5,161,3,3,-1.06,0.0253,326,2.51,6.42E-07,122,3,3,122,3,3,0,0,0,0,-1217,3.001,3.5,-1217,3,3,-0.892,2.77E-19,327,0,5.10E-06,15,1,2,50,End
201,2.975,-9.5,201,3,3,0.179,0.0226,327,1.18,0,161,3.025,15.5,161,3,3,0.699,0.0181,326,0.162,4.58E-07,122,3,3,122,3,3,0,0,0,0,-1217,3,2.75,-1217,3,3,-0.705,2.77E-19,327,0,0,15,1,0,50,End
201,3,3,201,3,3,0.499,0.0194,327,2.55,2.31E-06,161,3.025,15.5,161,3,3,-1.06,0.0174,326,2.43,9.41E-07,122,3,3,122,3,3,0,0,0,0,-1217,3,2.75,-1217,3,3,-0.0341,2.77E-19,327,0,0,15,1,0,50,End
201,3,3,201,3,3,-0.459,0.0236,327,1.89,-1.31E-06,161,3.025,15.5,161,3,3,0.38,0.0127,326,0.257,2.35E-07,122,3,3,122,3,3,0,0,0,0,-1217,2.999,2.5,-1217,3,3,-1,2.77E-19,327,0,0,15,1,0,50,End
201,3,-3.25,201,3,3,-1.26,0.0232,327,0.508,3.93E-06,161,3.05,28,161,3,3,0.54,0.0261,326,0.247,-2.14E-07,122,3,3,122,3,3,0,0,0,0,-1217,3,3.25,-1217,3,3,-0.518,2.77E-19,327,0,0,15,1,0,50,End
201,2.975,-9.5,201,3,3,0.179,0.0351,327,1.05,1.43E-06,161,3,9.25,161,3,3,-0.9,0.0216,326,2.54,6.76E-09,122,3,3,122,3,3,0,0,0,0,-1217,3.001,3,-1217,3,3,-0.518,2.77E-19,327,0,-2.11E-06,15,1,0,50,End
201,3.025,15.5,201,3,3,-0.459,0.0195,327,1.52,3.48E-06,161,3.05,28,161,3,3,-1.38,0.0189,326,3.1,0,122,3,3,122,3,3,0,0,0,0,-1217,3.001,3.5,-1217,3,3,0.264,2.77E-19,327,0,-3.63E-06,15,1,0,50,End
201,2.975,-3.25,201,3,3,-0.939,0.0223,327,0.975,-1.80E-06,161,3,3,161,3,3,-0.739,0.0135,326,2.64,0,122,3.025,9.25,122,3,3,0,0,0,0,-1217,3,3.25,-1217,3,3,-0.705,2.77E-19,327,0,0,15,1,0,50,End
201,3,3,201,3,3,-0.14,0.021,327,0.674,-1.80E-06,161,3,9.25,161,3,3,-0.1,0.016,326,1.75,0,122,3,3,122,3,3,0,0,0,0,-1217,3.001,3.25,-1217,3,3,-0.518,2.77E-19,327,0,0,15,1,0,50,End
201,3,3,201,3,3,0.499,0.019,327,2.19,-1.86E-06,161,3.025,21.8,161,3,3,-1.22,0.0167,326,2.57,0,122,3,3,122,3,3,0,0,0,0,-1217,3.001,3.75,-1217,3,3,-1,2.77E-19,327,0,-2.97E-06,15,1,0,50,End
201,3,3,201,3,3,-0.939,0.0229,327,0.673,-4.67E-06,161,3.025,21.8,161,3,3,-1.38,0.0144,326,3.28,-3.02E-07,122,3,3,122,3,3,0,0,0,0,-1217,2.999,2.75,-1217,3,3,-0.518,2.77E-19,327,0,-2.26E-06,15,1,0,50,End
181,53.2,-28.3,182,53,3,9.72,0.175,325,71.6,0.0186,134,52.8,21.8,135,53,3,15.1,0.228,324,72.7,0.0234,122,3,3,122,3,3,0,0,0,0,-1217,3.00225,4.38,-1217,3,3,0.0769,2.77E-19,326,0,-4.18E-06,15,1,2,50,End
186,53,-9.5,187,53,3,9.59,0.177,325,72,0.0188,139,52.8,-22,140,53,3,15.1,0.238,324,70.6,0.0247,122,3,3,122,3,3,0,0,0,0,-1217,3.001,3.25,-1217,3,3,-0.705,2.77E-19,326,0,-7.86E-07,15,1,0,50,End
191,53,-28.3,192,53,3,10.8,0.18,325,70.5,0.0191,144,52.8,-72,145,53,3,14.6,0.224,324,74.3,0.0235,122,3,3,122,3,3,0,0,0,0,-1217,3,2.75,-1217,3,3,-0.705,2.77E-19,326,0,-2.82E-06,15,1,0,50,End
196,53,-28.3,197,53,3,10.4,0.172,325,71.2,0.0182,149,52.9,-34.5,150,53,3,14.7,0.219,324,73.6,0.0229,122,3,3,122,3,3,0,0,0,0,-1217,3.001,3.25,-1217,3,3,-0.629,2.77E-19,326,0,-3.06E-06,15,1,0,50,End
201,27.1,-1067,201,18.7,-997,-7.9,0.131,329,18.8,-0.00606,154,52.9,-28.3,155,53,3,14.7,0.212,325,71.8,0.0221,122,3,3,122,3,3,0,0,0,0,-1217,2.999,2.812,-1217,3,3,-0.221,2.77E-19,327,0,2.93E-06,15,1,0,50,End
201,3,3,201,3,3,-2.38,0.0267,327,1.79,-8.26E-06,159,52.7,-59.5,160,52.2,-208,14.9,0.23,325,73.7,0.0242,122,3,3,122,3,3,0,0,0,0,-1217,3,3.5,-1217,3,3,-0.892,2.77E-19,327,0,0,15,1,0,50,End
201,3,3,201,3,3,0.18,0.0279,328,1.99,0,161,3,28,161,3,3,-0.906,0.0194,327,1.91,0,122,3,3,122,3,3,0,0,0,0,-1217,2.99725,3.125,-1217,3,3,-0.221,2.77E-19,327,0,3.01E-06,15,1,0,50,End
201,2.975,3,201,3,3,-2.06,0.0268,327,2.37,5.83E-06,161,3.025,15.5,161,3,3,-0.0998,0.0163,326,0.909,8.91E-07,122,3,3,122,3,3,0,0,0,0,-1217,3,2.5,-1217,3,3,-0.11,2.77E-19,327,0,-6.72E-07,15,1,0,50,End
201,3,-3.25,201,3,3,4.33,0.0349,327,7.72,2.31E-06,161,3.025,21.8,161,3,3,-0.0998,0.0233,326,0.875,4.95E-07,122,3,3,122,3,3,0,0,0,0,-1217,3,3,-1217,3,3,-0.221,2.77E-19,327,0,7.45E-07,15,1,0,50,End
201,2.975,-9.5,201,3,3,-1.58,0.0224,327,1.22,2.04E-06,161,3.05,28,161,3,3,0.219,0.0164,326,1.41,-1.03E-07,122,3,3,122,3,3,0,0,0,0,-1217,2.999,2.75,-1217,3,3,0.264,2.77E-19,327,0,-1.24E-06,15,1,0,50,End
201,3,3,201,3,3,-0.62,0.0223,328,0.331,-2.83E-06,161,3.05,28,161,3,3,-0.26,0.014,326,1.18,1.81E-08,122,3.025,9.25,122,3,3,0,0,0,0,-1217,2.99725,2.313,-1217,3,3,0.0769,2.77E-19,327,0,9.21E-06,15,1,2,50,End
201,3,3,201,3,3,-0.299,0.0235,327,1.51,1.40E-06,161,3.025,15.5,161,3,3,-0.9,0.018,326,2.5,2.39E-07,122,3,3,122,3,3,0,0,0,0,-1217,3,3.25,-1217,3,3,-1,2.77E-19,327,0,0,15,1,0,50,End
201,3,3,201,3,3,0.34,0.0292,327,1.41,4.24E-06,161,3.025,15.5,161,3,3,1.02,0.0149,326,1.7,-1.73E-07,122,3,3,122,3,3,0,0,0,0,-1217,3.001,3.25,-1217,3,3,-0.705,2.77E-19,327,0,2.20E-06,15,1,0,50,End
201,3,3,201,3,3,0.18,0.0243,327,1.46,-2.16E-06,161,3,9.25,161,3,3,-0.26,0.0149,326,0.83,-7.38E-07,122,3,3,122,3,3,0,0,0,0,-1217,3.001,3.5,-1217,3,3,-0.407,2.77E-19,327,0,0,15,1,0,50,End
201,3,3,201,3,3,-0.299,0.0219,328,1.45,0,161,3,9.25,161,3,3,0.379,0.0131,326,1.02,-3.43E-08,122,3,3,122,3,3,0,0,0,0,-1217,3.002,3.5,-1217,3,3,-0.816,2.77E-19,327,0,0,15,1,0,50,End
201,2.975,-9.5,201,3,3,-0.46,0.0216,328,0.287,0,161,3,9.25,161,3,3,-0.259,0.0168,326,1.3,0,122,3,3,122,3,3,0,0,0,0,-1217,3.001,3.25,-1217,3,3,-0.407,2.77E-19,327,0,-1.48E-06,15,1,0,50,End
201,3,3,201,3,3,-0.3,0.0234,328,1.19,-2.32E-06,161,3.025,21.8,161,3,3,-1.38,0.0158,326,2.91,7.19E-09,122,3,3,122,3,3,0,0,0,0,-1217,2.999,2.75,-1217,3,3,-0.518,2.77E-19,327,0,0,15,1,0,50,End
201,3,3,201,3,3,0.659,0.0347,328,1.77,0,161,3.025,21.8,161,3,3,-0.26,0.0162,326,1.58,5.52E-08,122,3,3,122,3,3,0,0,0,0,-1217,2.998,2.25,-1217,3,3,-1,2.77E-19,328,0,6.58E-06,15,1,0,50,End
201,3,3,201,3,3,-0.459,0.0248,327,0.595,0,161,3.025,28,161,3,3,0.38,0.0176,326,0.119,0,122,3,3,122,3,3,0,0,0,0,-1217,3,3.5,-1217,3,3,-0.221,2.77E-19,327,0,0,15,1,0,50,End
201,3,3,201,3,3,-1.26,0.0211,328,1.54,1.93E-06,161,3.025,21.8,161,3,3,-1.06,0.0221,326,2.71,-5.75E-07,122,3,3,122,3,3,0,0,0,0,-1217,3,2.75,-1217,3,3,-1,2.77E-19,328,0,0,15,1,0,50,End
201,3,3,201,3,3,-1.1,0.032,327,1.13,0,161,3.025,9.25,161,3,3,-1.33,0.0159,326,2.43,-8.42E-07,122,3.025,9.25,122,3,3,0,0,0,0,-1507,3,2.75,-1507,3,3,0.689,2.76E-19,327,0,9.79E-07,15,1,2,6,End
201,3,3,201,3,3,-1.1,0.032,327,1.13,0,161,3.025,9.25,161,3,3,-1.33,0.0159,326,2.43,-8.42E-07,122,3.025,9.25,122,3,3,0,0,0,0,-1507,3,2.75,-1507,3,3,0.689,2.76E-19,327,0,9.79E-07,15,1,0,6,End
201,3,3,201,3,3,-1.1,0.032,327,1.13,0,161,3.025,9.25,161,3,3,-1.33,0.0159,326,2.43,-8.42E-07,122,3.025,9.25,122,3,3,0,0,0,0,-1507,3,2.75,-1507,3,3,0.689,2.76E-19,327,0,9.79E-07,15,1,0,6,End
201,3,3,201,3,3,-1.1,0.032,327,1.13,0,161,3.025,9.25,161,3,3,-1.33,0.0159,326,2.43,-8.42E-07,122,3.025,9.25,122,3,3,0,0,0,0,-1507,3,2.75,-1507,3,3,0.689,2.76E-19,327,0,9.79E-07,15,1,0,6,End
201,3,3,201,3,3,-1.1,0.032,327,1.13,0,161,3.025,9.25,161,3,3,-1.33,0.0159,326,2.43,-8.42E-07,122,3.025,9.25,122,3,3,0,0,0,0,-1507,3,2.75,-1507,3,3,0.689,2.76E-19,327,0,9.79E-07,15,1,0,6,End
201,3,3,201,3,3,-1.1,0.032,327,1.13,0,161,3.025,9.25,161,3,3,-1.33,0.0159,326,2.43,-8.42E-07,122,3.025,9.25,122,3,3,0,0,0,0,-1507,3,2.75,-1507,3,3,0.689,2.76E-19,327,0,9.79E-07,15,1,0,6,End
201,3,3,201,3,3,-1.1,0.032,327,1.13,0,161,3.025,9.25,161,3,3,-1.33,0.0159,326,2.43,-8.42E-07,122,3.025,9.25,122,3,3,0,0,0,0,-1507,3,2.75,-1507,3,3,0.689,2.76E-19,327,0,9.79E-07,15,1,0,6,End
201,3,3,201,3,3,-1.1,0.032,327,1.13,0,161,3.025,9.25,161,3,3,-1.33,0.0159,326,2.43,-8.42E-07,122,3.025,9.25,122,3,3,0,0,0,0,-1507,3,2.75,-1507,3,3,0.689,2.76E-19,327,0,9.79E-07,15,1,0,6,End
201,3,3,201,3,3,-1.1,0.032,327,1.13,0,161,3.025,9.25,161,3,3,-1.33,0.0159,326,2.43,-8.42E-07,122,3.025,9.25,122,3,3,0,0,0,0,-1507,3,2.75,-1507,3,3,0.689,2.76E-19,327,0,9.79E-07,15,1,0,6,End
201,3,3,201,3,3,-1.1,0.032,327,1.13,0,161,3.025,9.25,161,3,3,-1.33,0.0159,326,2.43,-8.42E-07,122,3.025,9.25,122,3,3,0,0,0,0,-1507,3,2.75,-1507,3,3,0.689,2.76E-19,327,0,9.79E-07,15,1,0,6,End
201,3,3,201,3,3,-1.1,0.032,327,1.13,0,161,3.025,9.25,161,3,3,-1.33,0.0159,326,2.43,-8.42E-07,122,3.025,9.25,122,3,3,0,0,0,0,-1507,3,2.75,-1507,3,3,0.689,2.76E-19,327,0,9.79E-07,15,1,0,6,End
201,3,3,201,3,3,-1.1,0.032,327,1.13,0,161,3.025,9.25,161,3,3,-1.33,0.0159,326,2.43,-8.42E-07,122,3.025,9.25,122,3,3,0,0,0,0,-1507,3,2.75,-1507,3,3,0.689,2.76E-19,327,0,9.79E-07,15,1,0,6,End
201,3,3,201,3,3,-1.1,0.032,327,1.13,0,161,3.025,9.25,161,3,3,-1.33,0.0159,326,2.43,-8.42E-07,122,3.025,9.25,122,3,3,0,0,0,0,-1507,3,2.75,-1507,3,3,0.689,2.76E-19,327,0,9.79E-07,15,1,0,6,End
201,3,3,201,3,3,-1.1,0.032,327,1.13,0,161,3.025,9.25,161,3,3,-1.33,0.0159,326,2.43,-8.42E-07,122,3.025,9.25,122,3,3,0,0,0,0,-1507,3,2.75,-1507,3,3,0.689,2.76E-19,327,0,9.79E-07,15,1,0,6,End
201,3,3,201,3,3,-1.1,0.032,327,1.13,0,161,3.025,9.25,161,3,3,-1.33,0.0159,326,2.43,-8.42E-07,122,3.025,9.25,122,3,3,0,0,0,0,-1507,3,2.75,-1507,3,3,0.689,2.76E-19,327,0,9.79E-07,15,1,0,6,End
201,3,3,201,3,3,-1.1,0.032,327,1.13,0,161,3.025,9.25,161,3,3,-1.33,0.0159,326,2.43,-8.42E-07,122,3.025,9.25,122,3,3,0,0,0,0,-1507,3,2.75,-1507,3,3,0.689,2.76E-19,327,0,9.79E-07,15,1,0,6,End
201,3,3,201,3,3,-1.1,0.032,327,1.13,0,161,3.025,9.25,161,3,3,-1.33,0.0159,326,2.43,-8.42E-07,122,3.025,9.25,122,3,3,0,0,0,0,-1507,3,2.75,-1507,3,3,0.689,2.76E-19,327,0,9.79E-07,15,1,0,6,End
201,3,3,201,3,3,-1.1,0.032,327,1.13,0,161,3.025,9.25,161,3,3,-1.33,0.0159,326,2.43,-8.42E-07,122,3.025,9.25,122,3,3,0,0,0,0,-1507,3,2.75,-1507,3,3,0.689,2.76E-19,327,0,9.79E-07,15,1,0,6,End
201,3,3,201,3,3,-1.1,0.032,327,1.13,0,161,3.025,9.25,161,3,3,-1.33,0.0159,326,2.43,-8.42E-07,122,3.025,9.25,122,3,3,0,0,0,0,-1507,3,2.75,-1507,3,3,0.689,2.76E-19,327,0,9.79E-07,15,1,0,6,End
201,3,3,201,3,3,-1.1,0.032,327,1.13,0,161,3.025,9.25,161,3,3,-1.33,0.0159,326,2.43,-8.42E-07,122,3.025,9.25,122,3,3,0,0,0,0,-1507,3,2.75,-1507,3,3,0.689,2.76E-19,327,0,9.79E-07,15,1,0,6,End
201,3,3,201,3,3,-1.1,0.032,327,1.13,0,161,3.025,9.25,161,3,3,-1.33,0.0159,326,2.43,-8.42E-07,122,3.025,9.25,122,3,3,0,0,0,0,-1507,3,2.75,-1507,3,3,0.689,2.76E-19,327,0,9.79E-07,15,1,0,6,End
201,3,3,201,3,3,-1.1,0.032,327,1.13,0,161,3.025,9.25,161,3,3,-1.33,0.0159,326,2.43,-8.42E-07,122,3.025,9.25,122,3,3,0,0,0,0,-1507,3,2.75,-1507,3,3,0.689,2.76E-19,327,0,9.79E-07,15,1,0,6,End
201,3,3,201,3,3,-1.1,0.032,327,1.13,0,161,3.025,9.25,161,3,3,-1.33,0.0159,326,2.43,-8.42E-07,122,3.025,9.25,122,3,3,0,0,0,0,-1507,3,2.75,-1507,3,3,0.689,2.76E-19,327,0,9.79E-07,15,1,0,6,End
201,3,3,201,3,3,-1.1,0.032,327,1.13,0,161,3.025,9.25,161,3,3,-1.33,0.0159,326,2.43,-8.42E-07,122,3.025,9.25,122,3,3,0,0,0,0,-1507,3,2.75,-1507,3,3,0.689,2.76E-19,327,0,9.79E-07,15,1,0,6,End
201,3,3,201,3,3,-1.1,0.032,327,1.13,0,161,3.025,9.25,161,3,3,-1.33,0.0159,326,2.43,-8.42E-07,122,3.025,9.25,122,3,3,0,0,0,0,-1507,3,2.75,-1507,3,3,0.689,2.76E-19,327,0,9.79E-07,15,1,0,6,End
201,3,3,201,3,3,-1.1,0.032,327,1.13,0,161,3.025,9.25,161,3,3,-1.33,0.0159,326,2.43,-8.42E-07,122,3.025,9.25,122,3,3,0,0,0,0,-1507,3,2.75,-1507,3,3,0.689,2.76E-19,327,0,9.79E-07,15,1,0,6,End
201,3,3,201,3,3,-1.1,0.032,327,1.13,0,161,3.025,9.25,161,3,3,-1.33,0.0159,326,2.43,-8.42E-07,122,3.025,9.25,122,3,3,0,0,0,0,-1507,3,2.75,-1507,3,3,0.689,2.76E-19,327,0,9.79E-07,15,1,0,6,End
201,3,3,201,3,3,-1.1,0.032,327,1.13,0,161,3.025,9.25,161,3,3,-1.33,0.0159,326,2.43,-8.42E-07,122,3.025,9.25,122,3,3,0,0,0,0,-1507,3,2.75,-1507,3,3,0.689,2.76E-19,327,0,9.79E-07,15,1,0,6,End
201,3,3,201,3,3,-1.1,0.032,327,1.13,0,161,3.025,9.25,161,3,3,-1.33,0.0159,326,2.43,-8.42E-07,122,3.025,9.25,122,3,3,0,0,0,0,-1507,3,2.75,-1507,3,3,0.689,2.76E-19,327,0,9.79E-07,15,1,0,6,End
201,3,3,201,3,3,-1.1,0.032,327,1.13,0,161,3.025,9.25,161,3,3,-1.33,0.0159,326,2.43,-8.42E-07,122,3.025,9.25,122,3,3,0,0,0,0,-1507,3,2.75,-1507,3,3,0.689,2.76E-19,327,0,9.79E-07,15,1,0,6,End
201,3,3,201,3,3,-1.1,0.032,327,1.13,0,161,3.025,9.25,161,3,3,-1.33,0.0159,326,2.43,-8.42E-07,122,3.025,9.25,122,3,3,0,0,0,0,-1507,3,2.75,-1507,3,3,0.689,2.76E-19,327,0,9.79E-07,15,1,0,6,End
201,3,3,201,3,3,-1.1,0.032,327,1.13,0,161,3.025,9.25,161,3,3,-1.33,0.0159,326,2.43,-8.42E-07,122,3.025,9.25,122,3,3,0,0,0,0,-1507,3,2.75,-1507,3,3,0.689,2.76E-19,327,0,9.79E-07,15,1,0,6,End
201,3,3,201,3,3,-1.1,0.032,327,1.13,0,161,3.025,9.25,161,3,3,-1.33,0.0159,326,2.43,-8.42E-07,122,3.025,9.25,122,3,3,0,0,0,0,-1507,3,2.75,-1507,3,3,0.689,2.76E-19,327,0,9.79E-07,15,1,0,6,End
201,3,3,201,3,3,-1.1,0.032,327,1.13,0,161,3.025,9.25,161,3,3,-1.33,0.0159,326,2.43,-8.42E-07,122,3.025,9.25,122,3,3,0,0,0,0,-1507,3,2.75,-1507,3,3,0.689,2.76E-19,327,0,9.79E-07,15,1,0,6,End
201,3,3,201,3,3,-1.1,0.032,327,1.13,0,161,3.025,9.25,161,3,3,-1.33,0.0159,326,2.43,-8.42E-07,122,3.025,9.25,122,3,3,0,0,0,0,-1507,3,2.75,-1507,3,3,0.689,2.76E-19,327,0,9.79E-07,15,1,0,6,End
201,3,3,201,3,3,-1.1,0.032,327,1.13,0,161,3.025,9.25,161,3,3,-1.33,0.0159,326,2.43,-8.42E-07,122,3.025,9.25,122,3,3,0,0,0,0,-1507,3,2.75,-1507,3,3,0.689,2.76E-19,327,0,9.79E-07,15,1,0,6,End
201,3,3,201,3,3,-1.1,0.032,327,1.13,0,161,3.025,9.25,161,3,3,-1.33,0.0159,326,2.43,-8.42E-07,122,3.025,9.25,122,3,3,0,0,0,0,-1507,3,2.75,-1507,3,3,0.689,2.76E-19,327,0,9.79E-07,15,1,0,6,End
201,3,3,201,3,3,-1.1,0.032,327,1.13,0,161,3.025,9.25,161,3,3,-1.33,0.0159,326,2.43,-8.42E-07,122,3.025,9.25,122,3,3,0,0,0,0,-1507,3,2.75,-1507,3,3,0.689,2.76E-19,327,0,9.79E-07,15,1,0,6,End
201,3,3,201,3,3,-1.1,0.032,327,1.13,0,161,3.025,9.25,161,3,3,-1.33,0.0159,326,2.43,-8.42E-07,122,3.025,9.25,122,3,3,0,0,0,0,-1507,3,2.75,-1507,3,3,0.689,2.76E-19,327,0,9.79E-07,15,1,0,6,End
201,3,3,201,3,3,-1.1,0.032,327,1.13,0,161,3.025,9.25,161,3,3,-1.33,0.0159,326,2.43,-8.42E-07,122,3.025,9.25,122,3,3,0,0,0,0,-1507,3,2.75,-1507,3,3,0.689,2.76E-19,327,0,9.79E-07,15,1,0,6,End
201,3,3,201,3,3,-1.1,0.032,327,1.13,0,161,3.025,9.25,161,3,3,-1.33,0.0159,326,2.43,-8.42E-07,122,3.025,9.25,122,3,3,0,0,0,0,-1507,3,2.75,-1507,3,3,0.689,2.76E-19,327,0,9.79E-07,15,1,0,6,End
201,3,3,201,3,3,-1.1,0.032,327,1.13,0,161,3.025,9.25,161,3,3,-1.33,0.0159,326,2.43,-8.42E-07,122,3.025,9.25,122,3,3,0,0,0,0,-1507,3,2.75,-1507,3,3,0.689,2.76E-19,327,0,9.79E-07,15,1,0,6,End
201,3,3,201,3,3,-1.1,0.032,327,1.13,0,161,3.025,9.25,161,3,3,-1.33,0.0159,326,2.43,-8.42E-07,122,3.025,9.25,122,3,3,0,0,0,0,-1507,3,2.75,-1507,3,3,0.689,2.76E-19,327,0,9.79E-07,15,1,0,6,End
201,3,3,201,3,3,-1.1,0.032,327,1.13,0,161,3.025,9.25,161,3,3,-1.33,0.0159,326,2.43,-8.42E-07,122,3.025,9.25,122,3,3,0,0,0,0,-1507,3,2.75,-1507,3,3,0.689,2.76E-19,327,0,9.79E-07,15,1,0,6,End
201,3,3,201,3,3,-1.1,0.032,327,1.13,0,161,3.025,9.25,161,3,3,-1.33,0.0159,326,2.43,-8.42E-07,122,3.025,9.25,122,3,3,0,0,0,0,-1507,3,2.75,-1507,3,3,0.689,2.76E-19,327,0,9.79E-07,15,1,0,6,End
201,3,3,201,3,3,-1.1,0.032,327,1.13,0,161,3.025,9.25,161,3,3,-1.33,0.0159,326,2.43,-8.42E-07,122,3.025,9.25,122,3,3,0,0,0,0,-1507,3,2.75,-1507,3,3,0.689,2.76E-19,327,0,9.79E-07,15,1,0,6,End
201,3,3,201,3,3,-1.1,0.032,327,1.13,0,161,3.025,9.25,161,3,3,-1.33,0.0159,326,2.43,-8.42E-07,122,3.025,9.25,122,3,3,0,0,0,0,-1507,3,2.75,-1507,3,3,0.689,2.76E-19,327,0,9.79E-07,15,1,0,6,End
201,3,3,201,3,3,-1.1,0.032,327,1.13,0,161,3.025,9.25,161,3,3,-1.33,0.0159,326,2.43,-8.42E-07,122,3.025,9.25,122,3,3,0,0,0,0,-1507,3,2.75,-1507,3,3,0.689,2.76E-19,327,0,9.79E-07,15,1,0,6,End
201,3,3,201,3,3,-1.1,0.032,327,1.13,0,161,3.025,9.25,161,3,3,-1.33,0.0159,326,2.43,-8.42E-07,122,3.025,9.25,122,3,3,0,0,0,0,-1507,3,2.75,-1507,3,3,0.689,2.76E-19,327,0,9.79E-07,15,1,0,6,End
201,3,3,201,3,3,-1.1,0.032,327,1.13,0,161,3.025,9.25,161,3,3,-1.33,0.0159,326,2.43,-8.42E-07,122,3.025,9.25,122,3,3,0,0,0,0,-1507,3,2.75,-1507,3,3,0.689,2.76E-19,327,0,9.79E-07,15,1,0,6,End
201,3,3,201,3,3,-1.1,0.032,327,1.13,0,161,3.025,9.25,161,3,3,-1.33,0.0159,326,2.43,-8.42E-07,122,3.025,9.25,122,3,3,0,0,0,0,-1507,3,2.75,-1507,3,3,0.689,2.76E-19,327,0,9.79E-07,15,1,0,6,End
201,3,3,201,3,3,-1.1,0.032,327,1.13,0,161,3.025,9.25,161,3,3,-1.33,0.0159,326,2.43,-8.42E-07,122,3.025,9.25,122,3,3,0,0,0,0,-1507,3,2.75,-1507,3,3,0.689,2.76E-19,327,0,9.79E-07,15,1,0,6,End
201,3,3,201,3,3,-1.1,0.032,327,1.13,0,161,3.025,9.25,161,3,3,-1.33,0.0159,326,2.43,-8.42E-07,122,3.025,9.25,122,3,3,0,0,0,0,-1507,3,2.75,-1507,3,3,0.689,2.76E-19,327,0,9.79E-07,15,1,0,6,End
201,3,3,201,3,3,-1.1,0.032,327,1.13,0,161,3.025,9.25,161,3,3,-1.33,0.0159,326,2.43,-8.42E-07,122,3.025,9.25,122,3,3,0,0,0,0,-1507,3,2.75,-1507,3,3,0.689,2.76E-19,327,0,9.79E-07,15,1,0,6,End
201,3,3,201,3,3,-1.1,0.032,327,1.13,0,161,3.025,9.25,161,3,3,-1.33,0.0159,326,2.43,-8.42E-07,122,3.025,9.25,122,3,3,0,0,0,0,-1507,3,2.75,-1507,3,3,0.689,2.76E-19,327,0,9.79E-07,15,1,0,6,End
201,3,3,201,3,3,-1.1,0.032,327,1.13,0,161,3.025,9.25,161,3,3,-1.33,0.0159,326,2.43,-8.42E-07,122,3.025,9.25,122,3,3,0,0,0,0,-1507,3,2.75,-1507,3,3,0.689,2.76E-19,327,0,9.79E-07,15,1,0,6,End
201,3,3,201,3,3,-1.1,0.032,327,1.13,0,161,3.025,9.25,161,3,3,-1.33,0.0159,326,2.43,-8.42E-07,122,3.025,9.25,122,3,3,0,0,0,0,-1507,3,2.75,-1507,3,3,0.689,2.76E-19,327,0,9.79E-07,15,1,0,6,End
201,3,3,201,3,3,-1.1,0.032,327,1.13,0,161,3.025,9.25,161,3,3,-1.33,0.0159,326,2.43,-8.42E-07,122,3.025,9.25,122,3,3,0,0,0,0,-1507,3,2.75,-1507,3,3,0.689,2.76E-19,327,0,9.79E-07,15,1,0,6,End
201,3,3,201,3,3,-1.1,0.032,327,1.13,0,161,3.025,9.25,161,3,3,-1.33,0.0159,326,2.43,-8.42E-07,122,3.025,9.25,122,3,3,0,0,0,0,-1507,3,2.75,-1507,3,3,0.689,2.76E-19,327,0,9.79E-07,15,1,0,6,End
201,3,3,201,3,3,-1.1,0.032,327,1.13,0,161,3.025,9.25,161,3,3,-1.33,0.0159,326,2.43,-8.42E-07,122,3.025,9.25,122,3,3,0,0,0,0,-1507,3,2.75,-1507,3,3,0.689,2.76E-19,327,0,9.79E-07,15,1,0,6,End
201,3,3,201,3,3,-1.1,0.032,327,1.13,0,161,3.025,9.25,161,3,3,-1.33,0.0159,326,2.43,-8.42E-07,122,3.025,9.25,122,3,3,0,0,0,0,-1507,3,2.75,-1507,3,3,0.689,2.76E-19,327,0,9.79E-07,15,1,0,6,End
201,3,3,201,3,3,-1.1,0.032,327,1.13,0,161,3.025,9.25,161,3,3,-1.33,0.0159,326,2.43,-8.42E-07,122,3.025,9.25,122,3,3,0,0,0,0,-1507,3,2.75,-1507,3,3,0.689,2.76E-19,327,0,9.79E-07,15,1,0,6,End
201,3,3,201,3,3,-1.1,0.032,327,1.13,0,161,3.025,9.25,161,3,3,-1.33,0.0159,326,2.43,-8.42E-07,122,3.025,9.25,122,3,3,0,0,0,0,-1507,3,2.75,-1507,3,3,0.689,2.76E-19,327,0,9.79E-07,15,1,0,6,End
201,3,3,201,3,3,-1.1,0.032,327,1.13,0,161,3.025,9.25,161,3,3,-1.33,0.0159,326,2.43,-8.42E-07,122,3.025,9.25,122,3,3,0,0,0,0,-1507,3,2.75,-1507,3,3,0.689,2.76E-19,327,0,9.79E-07,15,1,0,6,End
201,3,3,201,3,3,-1.1,0.032,327,1.13,0,161,3.025,9.25,161,3,3,-1.33,0.0159,326,2.43,-8.42E-07,122,3.025,9.25,122,3,3,0,0,0,0,-1507,3,2.75,-1507,3,3,0.689,2.76E-19,327,0,9.79E-07,15,1,0,6,End
201,3,3,201,3,3,-1.1,0.032,327,1.13,0,161,3.025,9.25,161,3,3,-1.33,0.0159,326,2.43,-8.42E-07,122,3.025,9.25,122,3,3,0,0,0,0,-1507,3,2.75,-1507,3,3,0.689,2.76E-19,327,0,9.79E-07,15,1,0,6,End
201,3,3,201,3,3,-1.1,0.032,327,1.13,0,161,3.025,9.25,161,3,3,-1.33,0.0159,326,2.43,-8.42E-07,122,3.025,9.25,122,3,3,0,0,0,0,-1507,3,2.75,-1507,3,3,0.689,2.76E-19,327,0,9.79E-07,15,1,0,6,End
201,3,3,201,3,3,-1.1,0.032,327,1.13,0,161,3.025,9.25,161,3,3,-1.33,0.0159,326,2.43,-8.42E-07,122,3.025,9.25,122,3,3,0,0,0,0,-1507,3,2.75,-1507,3,3,0.689,2.76E-19,327,0,9.79E-07,15,1,0,6,End
201,3,3,201,3,3,-1.1,0.032,327,1.13,0,161,3.025,9.25,161,3,3,-1.33,0.0159,326,2.43,-8.42E-07,122,3.025,9.25,122,3,3,0,0,0,0,-1507,3,2.75,-1507,3,3,0.689,2.76E-19,327,0,9.79E-07,15,1,0,6,End
201,3,3,201,3,3,-1.1,0.032,327,1.13,0,161,3.025,9.25,161,3,3,-1.33,0.0159,326,2.43,-8.42E-07,122,3.025,9.25,122,3,3,0,0,0,0,-1507,3,2.75,-1507,3,3,0.689,2.76E-19,327,0,9.79E-07,15,1,0,6,End
201,3,3,201,3,3,-1.1,0.032,327,1.13,0,161,3.025,9.25,161,3,3,-1.33,0.0159,326,2.43,-8.42E-07,122,3.025,9.25,122,3,3,0,0,0,0,-1507,3,2.75,-1507,3,3,0.689,2.76E-19,327,0,9.79E-07,15,1,0,6,End
201,3,3,201,3,3,-1.1,0.032,327,1.13,0,161,3.025,9.25,161,3,3,-1.33,0.0159,326,2.43,-8.42E-07,122,3.025,9.25,122,3,3,0,0,0,0,-1507,3,2.75,-1507,3,3,0.689,2.76E-19,327,0,9.79E-07,15,1,0,6,End
201,3,3,201,3,3,-1.1,0.032,327,1.13,0,161,3.025,9.25,161,3,3,-1.33,0.0159,326,2.43,-8.42E-07,122,3.025,9.25,122,3,3,0,0,0,0,-1507,3,2.75,-1507,3,3,0.689,2.76E-19,327,0,9.79E-07,15,1,0,6,End
201,3,3,201,3,3,-1.1,0.032,327,1.13,0,161,3.025,9.25,161,3,3,-1.33,0.0159,326,2.43,-8.42E-07,122,3.025,9.25,122,3,3,0,0,0,0,-1507,3,2.75,-1507,3,3,0.689,2.76E-19,327,0,9.79E-07,15,1,0,6,End
201,3,3,201,3,3,-1.1,0.032,327,1.13,0,161,3.025,9.25,161,3,3,-1.33,0.0159,326,2.43,-8.42E-07,122,3.025,9.25,122,3,3,0,0,0,0,-1507,3,2.75,-1507,3,3,0.689,2.76E-19,327,0,9.79E-07,15,1,0,6,End
201,3,3,201,3,3,-1.1,0.032,327,1.13,0,161,3.025,9.25,161,3,3,-1.33,0.0159,326,2.43,-8.42E-07,122,3.025,9.25,122,3,3,0,0,0,0,-1507,3,2.75,-1507,3,3,0.689,2.76E-19,327,0,9.79E-07,15,1,0,6,End
201,3,3,201,3,3,-1.1,0.032,327,1.13,0,161,3.025,9.25,161,3,3,-1.33,0.0159,326,2.43,-8.42E-07,122,3.025,9.25,122,3,3,0,0,0,0,-1507,3,2.75,-1507,3,3,0.689,2.76E-19,327,0,9.79E-07,15,1,0,6,End
201,3,3,201,3,3,-1.1,0.032,327,1.13,0,161,3.025,9.25,161,3,3,-1.33,0.0159,326,2.43,-8.42E-07,122,3.025,9.25,122,3,3,0,0,0,0,-1507,3,2.75,-1507,3,3,0.689,2.76E-19,327,0,9.79E-07,15,1,0,6,End
201,3,3,201,3,3,-1.1,0.032,327,1.13,0,161,3.025,9.25,161,3,3,-1.33,0.0159,326,2.43,-8.42E-07,122,3.025,9.25,122,3,3,0,0,0,0,-1507,3,2.75,-1507,3,3,0.689,2.76E-19,327,0,9.79E-07,15,1,0,6,End
201,3,3,201,3,3,-1.1,0.032,327,1.13,0,161,3.025,9.25,161,3,3,-1.33,0.0159,326,2.43,-8.42E-07,122,3.025,9.25,122,3,3,0,0,0,0,-1507,3,2.75,-1507,3,3,0.689,2.76E-19,327,0,9.79E-07,15,1,0,6,End
201,3,3,201,3,3,-1.1,0.032,327,1.13,0,161,3.025,9.25,161,3,3,-1.33,0.0159,326,2.43,-8.42E-07,122,3.025,9.25,122,3,3,0,0,0,0,-1507,3,2.75,-1507,3,3,0.689,2.76E-19,327,0,9.79E-07,15,1,0,6,End
201,3,3,201,3,3,-1.1,0.032,327,1.13,0,161,3.025,9.25,161,3,3,-1.33,0.0159,326,2.43,-8.42E-07,122,3.025,9.25,122,3,3,0,0,0,0,-1507,3,2.75,-1507,3,3,0.689,2.76E-19,327,0,9.79E-07,15,1,0,6,End
201,3,3,201,3,3,-1.1,0.032,327,1.13,0,161,3.025,9.25,161,3,3,-1.33,0.0159,326,2.43,-8.42E-07,122,3.025,9.25,122,3,3,0,0,0,0,-1507,3,2.75,-1507,3,3,0.689,2.76E-19,327,0,9.79E-07,15,1,0,6,End
201,3,3,201,3,3,-1.1,0.032,327,1.13,0,161,3.025,9.25,161,3,3,-1.33,0.0159,326,2.43,-8.42E-07,122,3.025,9.25,122,3,3,0,0,0,0,-1507,3,2.75,-1507,3,3,0.689,2.76E-19,327,0,9.79E-07,15,1,0,6,End
201,3,3,201,3,3,-1.1,0.032,327,1.13,0,161,3.025,9.25,161,3,3,-1.33,0.0159,326,2.43,-8.42E-07,122,3.025,9.25,122,3,3,0,0,0,0,-1507,3,2.75,-1507,3,3,0.689,2.76E-19,327,0,9.79E-07,15,1,0,6,End
201,3,3,201,3,3,-1.1,0.032,327,1.13,0,161,3.025,9.25,161,3,3,-1.33,0.0159,326,2.43,-8.42E-07,122,3.025,9.25,122,3,3,0,0,0,0,-1507,3,2.75,-1507,3,3,0.689,2.76E-19,327,0,9.79E-07,15,1,0,6,End
201,3,3,201,3,3,-1.1,0.032,327,1.13,0,161,3.025,9.25,161,3,3,-1.33,0.0159,326,2.43,-8.42E-07,122,3.025,9.25,122,3,3,0,0,0,0,-1507,3,2.75,-1507,3,3,0.689,2.76E-19,327,0,9.79E-07,15,1,0,6,End
201,3,3,201,3,3,-1.1,0.032,327,1.13,0,161,3.025,9.25,161,3,3,-1.33,0.0159,326,2.43,-8.42E-07,122,3.025,9.25,122,3,3,0,0,0,0,-1507,3,2.75,-1507,3,3,0.689,2.76E-19,327,0,9.79E-07,15,1,0,6,End
201,3,3,201,3,3,-1.1,0.032,327,1.13,0,161,3.025,9.25,161,3,3,-1.33,0.0159,326,2.43,-8.42E-07,122,3.025,9.25,122,3,3,0,0,0,0,-1507,3,2.75,-1507,3,3,0.689,2.76E-19,327,0,9.79E-07,15,1,0,6,End
201,3,3,201,3,3,-1.1,0.032,327,1.13,0,161,3.025,9.25,161,3,3,-1.33,0.0159,326,2.43,-8.42E-07,122,3.025,9.25,122,3,3,0,0,0,0,-1507,3,2.75,-1507,3,3,0.689,2.76E-19,327,0,9.79E-07,15,1,0,6,End
201,3,3,201,3,3,-1.1,0.032,327,1.13,0,161,3.025,9.25,161,3,3,-1.33,0.0159,326,2.43,-8.42E-07,122,3.025,9.25,122,3,3,0,0,0,0,-1507,3,2.75,-1507,3,3,0.689,2.76E-19,327,0,9.79E-07,15,1,0,6,End
201,3,3,201,3,3,-1.1,0.032,327,1.13,0,161,3.025,9.25,161,3,3,-1.33,0.0159,326,2.43,-8.42E-07,122,3.025,9.25,122,3,3,0,0,0,0,-1507,3,2.75,-1507,3,3,0.689,2.76E-19,327,0,9.79E-07,15,1,0,6,End
201,3,3,201,3,3,-1.1,0.032,327,1.13,0,161,3.025,9.25,161,3,3,-1.33,0.0159,326,2.43,-8.42E-07,122,3.025,9.25,122,3,3,0,0,0,0,-1507,3,2.75,-1507,3,3,0.689,2.76E-19,327,0,9.79E-07,15,1,0,6,End
201,3,3,201,3,3,-1.1,0.032,327,1.13,0,161,3.025,9.25,161,3,3,-1.33,0.0159,326,2.43,-8.42E-07,122,3.025,9.25,122,3,3,0,0,0,0,-1507,3,2.75,-1507,3,3,0.689,2.76E-19,327,0,9.79E-07,15,1,0,6,End
201,3,3,201,3,3,-1.1,0.032,327,1.13,0,161,3.025,9.25,161,3,3,-1.33,0.0159,326,2.43,-8.42E-07,122,3.025,9.25,122,3,3,0,0,0,0,-1507,3,2.75,-1507,3,3,0.689,2.76E-19,327,0,9.79E-07,15,1,0,6,End
201,3,3,201,3,3,-1.1,0.032,327,1.13,0,161,3.025,9.25,161,3,3,-1.33,0.0159,326,2.43,-8.42E-07,122,3.025,9.25,122,3,3,0,0,0,0,-1507,3,2.75,-1507,3,3,0.689,2.76E-19,327,0,9.79E-07,15,1,0,6,End
201,3,3,201,3,3,-1.1,0.032,327,1.13,0,161,3.025,9.25,161,3,3,-1.33,0.0159,326,2.43,-8.42E-07,122,3.025,9.25,122,3,3,0,0,0,0,-1507,3,2.75,-1507,3,3,0.689,2.76E-19,327,0,9.79E-07,15,1,0,6,End
201,3,3,201,3,3,-1.1,0.032,327,1.13,0,161,3.025,9.25,161,3,3,-1.33,0.0159,326,2.43,-8.42E-07,122,3.025,9.25,122,3,3,0,0,0,0,-1507,3,2.75,-1507,3,3,0.689,2.76E-19,327,0,9.79E-07,15,1,0,6,End
201,3,3,201,3,3,-1.1,0.032,327,1.13,0,161,3.025,9.25,161,3,3,-1.33,0.0159,326,2.43,-8.42E-07,122,3.025,9.25,122,3,3,0,0,0,0,-1507,3,2.75,-1507,3,3,0.689,2.76E-19,327,0,9.79E-07,15,1,0,6,End
201,3,3,201,3,3,-1.1,0.032,327,1.13,0,161,3.025,9.25,161,3,3,-1.33,0.0159,326,2.43,-8.42E-07,122,3.025,9.25,122,3,3,0,0,0,0,-1507,3,2.75,-1507,3,3,0.689,2.76E-19,327,0,9.79E-07,15,1,0,6,End
201,3,3,201,3,3,-1.1,0.032,327,1.13,0,161,3.025,9.25,161,3,3,-1.33,0.0159,326,2.43,-8.42E-07,122,3.025,9.25,122,3,3,0,0,0,0,-1507,3,2.75,-1507,3,3,0.689,2.76E-19,327,0,9.79E-07,15,1,0,6,End
201,3,3,201,3,3,-1.1,0.032,327,1.13,0,161,3.025,9.25,161,3,3,-1.33,0.0159,326,2.43,-8.42E-07,122,3.025,9.25,122,3,3,0,0,0,0,-1507,3,2.75,-1507,3,3,0.689,2.76E-19,327,0,9.79E-07,15,1,0,6,End
201,3,3,201,3,3,-1.1,0.032,327,1.13,0,161,3.025,9.25,161,3,3,-1.33,0.0159,326,2.43,-8.42E-07,122,3.025,9.25,122,3,3,0,0,0,0,-1507,3,2.75,-1507,3,3,0.689,2.76E-19,327,0,9.79E-07,15,1,0,6,End
201,3,3,201,3,3,-1.1,0.032,327,1.13,0,161,3.025,9.25,161,3,3,-1.33,0.0159,326,2.43,-8.42E-07,122,3.025,9.25,122,3,3,0,0,0,0,-1507,3,2.75,-1507,3,3,0.689,2.76E-19,327,0,9.79E-07,15,1,0,6,End
201,3,3,201,3,3,-1.1,0.032,327,1.13,0,161,3.025,9.25,161,3,3,-1.33,0.0159,326,2.43,-8.42E-07,122,3.025,9.25,122,3,3,0,0,0,0,-1507,3,2.75,-1507,3,3,0.689,2.76E-19,327,0,9.79E-07,15,1,0,6,End
201,3,3,201,3,3,-1.1,0.032,327,1.13,0,161,3.025,9.25,161,3,3,-1.33,0.0159,326,2.43,-8.42E-07,122,3.025,9.25,122,3,3,0,0,0,0,-1507,3,2.75,-1507,3,3,0.689,2.76E-19,327,0,9.79E-07,15,1,0,6,End
201,3,3,201,3,3,-1.1,0.032,327,1.13,0,161,3.025,9.25,161,3,3,-1.33,0.0159,326,2.43,-8.42E-07,122,3.025,9.25,122,3,3,0,0,0,0,-1507,3,2.75,-1507,3,3,0.689,2.76E-19,327,0,9.79E-07,15,1,0,6,End
201,3,3,201,3,3,-1.1,0.032,327,1.13,0,161,3.025,9.25,161,3,3,-1.33,0.0159,326,2.43,-8.42E-07,122,3.025,9.25,122,3,3,0,0,0,0,-1507,3,2.75,-1507,3,3,0.689,2.76E-19,327,0,9.79E-07,15,1,0,6,End
201,3,3,201,3,3,-1.1,0.032,327,1.13,0,161,3.025,9.25,161,3,3,-1.33,0.0159,326,2.43,-8.42E-07,122,3.025,9.25,122,3,3,0,0,0,0,-1507,3,2.75,-1507,3,3,0.689,2.76E-19,327,0,9.79E-07,15,1,0,6,End
201,3,3,201,3,3,-1.1,0.032,327,1.13,0,161,3.025,9.25,161,3,3,-1.33,0.0159,326,2.43,-8.42E-07,122,3.025,9.25,122,3,3,0,0,0,0,-1507,3,2.75,-1507,3,3,0.689,2.76E-19,327,0,9.79E-07,15,1,0,6,End
201,3,3,201,3,3,-1.1,0.032,327,1.13,0,161,3.025,9.25,161,3,3,-1.33,0.0159,326,2.43,-8.42E-07,122,3.025,9.25,122,3,3,0,0,0,0,-1507,3,2.75,-1507,3,3,0.689,2.76E-19,327,0,9.79E-07,15,1,0,6,End
201,3,3,201,3,3,-1.1,0.032,327,1.13,0,161,3.025,9.25,161,3,3,-1.33,0.0159,326,2.43,-8.42E-07,122,3.025,9.25,122,3,3,0,0,0,0,-1507,3,2.75,-1507,3,3,0.689,2.76E-19,327,0,9.79E-07,15,1,0,6,End
201,3,3,201,3,3,-1.1,0.032,327,1.13,0,161,3.025,9.25,161,3,3,-1.33,0.0159,326,2.43,-8.42E-07,122,3.025,9.25,122,3,3,0,0,0,0,-1507,3,2.75,-1507,3,3,0.689,2.76E-19,327,0,9.79E-07,15,1,0,6,End
201,3,3,201,3,3,-0.939,0.0177,327,1.18,0,161,3.075,34.3,161,3,3,-0.695,0.0171,326,1.54,-9.02E-07,122,3.025,15.5,122,3,3,0,0,0,0,-1507,2.999,2.25,-1507,3,3,1.16,2.76E-19,327,0,0,15,1,0,6,End
201,3,3,201,3,3,-0.14,0.0229,327,1.46,8.59E-07,161,2.975,-9.5,161,3,3,-0.695,0.0155,326,2.24,0,122,3,3,122,3,3,0,0,0,0,-1507,3,3,-1507,3,3,0.443,2.76E-19,327,0,-1.60E-06,15,1,0,6,End
201,3,3,201,3,3,1.46,0.0181,327,2.37,3.67E-07,161,3.025,9.25,161,3,3,-0.377,0.0142,326,1.47,6.13E-07,122,3,9.25,122,3,3,0,0,0,0,-1507,3.001,3.25,-1507,3,3,0.689,2.76E-19,327,0,3.46E-06,15,1,0,6,End
201,3,3,201,3,3,0.979,0.0205,327,1.3,-9.74E-07,161,3.025,9.25,161,3,3,-0.745,0.0151,326,1,0,122,3,3,122,3,3,0,0,0,0,-1507,2.99825,2.812,-1507,3,3,0.566,2.76E-19,327,0,-5.34E-06,15,1,0,6,End
201,3,3,201,3,3,0.18,0.0162,327,1.46,0,161,3,3,161,3,3,0.343,0.0188,326,0.57,0,122,3,9.25,122,3,3,0,0,0,0,-1507,3,3,-1507,3,3,-0.4,2.76E-19,327,0,1.20E-06,15,1,0,6,End
201,3,-3.25,201,3,3,-1.42,0.0214,327,1.62,1.84E-06,161,3.05,21.8,161,3,3,-0.696,0.0278,326,1.92,-1.64E-06,122,2.975,-3.25,122,3,3,0,0,0,0,-1507,2.999,2.25,-1507,3,3,0.39,2.76E-19,327,0,1.80E-06,15,1,0,6,End
201,3,3,201,3,3,-0.94,0.0255,327,1.32,6.09E-07,161,2.975,-9.5,161,3,3,-0.644,0.0316,326,2.39,0,122,3,3,122,3,3,0,0,0,0,-1507,2.999,3.25,-1507,3,3,0.566,2.76E-19,327,0,-5.23E-06,15,1,0,6,End
201,3,3,201,3,3,1.94,0.0221,327,3.13,2.47E-06,161,2.975,-9.5,161,3,3,0.158,0.0167,326,0.409,0,122,3,3,122,3,3,0,0,0,0,-1507,3.001,3.25,-1507,3,3,0.566,2.76E-19,327,0,3.33E-06,15,1,0,6,End
201,3.025,21.8,201,3,3,-1.1,0.0178,327,0.54,0,161,3.05,28,161,3,3,0.795,0.0172,326,1.17,-4.26E-07,122,3,3,122,3,3,0,0,0,0,-1507,3,3,-1507,3,3,-0.278,2.76E-19,327,0,1.19E-06,15,1,0,6,End
201,2.975,-9.5,201,3,3,-0.14,0.0202,327,0.304,-6.38E-08,161,2.975,-9.5,161,3,3,0.477,0.0161,326,0.122,-5.16E-07,122,3,3,122,3,3,0,0,0,0,-1507,3,3,-1507,3,3,-0.278,2.76E-19,327,0,0,15,1,0,6,End
201,3,3,201,3,3,0.659,0.0182,327,1.72,4.53E-07,161,2.975,-9.5,161,3,3,-0.746,0.0183,326,1.73,0,122,3,3,122,3,3,0,0,0,0,-1507,3,3,-1507,3,3,-0.7,2.76E-19,327,0,0,15,1,0,6,End
201,3.025,9.25,201,3,3,1.62,0.0186,327,3.15,0,161,3.05,28,161,3,3,0.025,0.0157,326,0.292,0,122,3,9.25,122,3,3,0,0,0,0,-1507,3,3.562,-1507,3,3,0.144,2.76E-19,327,0,0,15,1,0,6,End
155,3.025,15.5,155,3,3,0.225,0.0228,327,0.207,-1.74E-06,108,3,-3.25,108,3,3,-0.0891,0.0183,325,3.22,-1.97E-06,101.6,52.7,-72,102.1,53,3,0,0,0,0,-1217,3,3.5,-1217,3,3,0.859,2.77E-19,327,0,-8.17E-07,15,1,2,50,End
155,3.025,21.8,155,3,3,-0.87,0.0199,327,1.31,-2.49E-06,108,2.975,-3.25,108,3,3,-1.27,0.0153,325,1.3,0,107,52.8,-47,107,53,3,0,0,0,0,-1217,3.001,3.5,-1217,3,3,-0.816,2.77E-19,326,0,0,15,1,0,50,End
155,3.025,15.5,155,3,3,0.531,0.0152,327,1.03,2.36E-07,108,3.025,9.25,108,3,3,-0.934,0.0185,326,2.79,2.10E-06,112,53,9.25,112,53,3,0,0,0,0,-1217,2.999,2.75,-1217,3,3,-1.08,2.77E-19,327,0,3.93E-06,15,1,0,50,End
155,2.95,-9.5,155,3,3,-0.904,0.0221,327,2.08,-1.65E-06,108,3.025,15.5,108,3,3,-0.429,0.0169,325,2.95,-1.97E-06,117,53,3,117,53,3,0,0,0,0,-1217,2.999,2.5,-1217,3,3,-1,2.77E-19,327,0,0,15,1,0,50,End
155,2.95,-9.5,155,3,3,-0.0109,0.0206,327,1.91,2.50E-06,108,2.975,-9.5,108,3,3,-0.385,0.0213,326,3.18,0,121,38.1,-753,122,29,-997,0,0,0,0,-1217,3.001,3.5,-1217,3,3,-0.816,2.77E-19,327,0,-3.55E-06,15,1,0,50,End
156,49.1,1033,157,53,128,21.6,0.38,324,73.2,0.0388,109,49,947,110,53,128,27,0.422,323,71.1,0.0424,122,3,15.5,122,3,3,0,0,0,0,-1217,3.002,4.25,-1217,3,3,-1.3,2.77E-19,326,0,0,15,1,0,50,End
161,53.2,46.8,162,53,3,10.7,0.206,325,72.9,0.0219,114,52.8,-40.8,115,53,3,16,0.243,324,70.5,0.025,122,3,9.25,122,3,3,0,0,0,0,-1217,3,3,-1217,3,3,-0.221,2.77E-19,326,0,0,15,1,0,50,End
166,53.1,46.8,167,53,3,9.62,0.192,325,71.7,0.0204,119,52.8,-78.2,120,53,3,15,0.223,324,71.4,0.0231,122,3,3,122,3,3,0,0,0,0,-1217,3,2.5,-1217,3,3,-0.0341,2.77E-19,326,0,-2.00E-06,15,1,0,50,End
171,53,9.25,172,53,3,10.3,0.179,325,71,0.019,124,52.7,-65.7,125,53,3,15.9,0.228,324,71.8,0.0237,122,3,3,122,3,3,0,0,0,0,-1217,2.999,2.25,-1217,3,3,0.748,2.77E-19,326,0,0,15,1,0,50,End
176,53,-47,177,53,3,11,0.185,325,71.4,0.0196,129,52.7,-59.5,130,53,3,16,0.223,324,71.5,0.023,122,3,3,122,3,3,0,0,0,0,-1217,3,2.5,-1217,3,3,-0.407,2.77E-19,326,0,-4.63E-06,15,1,0,50,End
201,3,3,201,3,3,-2.38,0.0215,327,2.29,2.16E-06,161,3.025,21.8,161,3,3,0.662,0.0262,326,1.08,0,122,2.975,-9.5,122,3,3,0,0,0,0,-1507,2.999,2.75,-1507,3,3,0.443,2.76E-19,327,0,-4.99E-06,15,1,2,6,End
201,2.975,-9.5,201,3,3,0.18,0.0202,327,1.13,8.90E-07,161,2.975,-3.25,161,3,3,-0.612,0.0201,326,1.57,9.20E-07,122,3,3,122,3,3,0,0,0,0,-1507,3.00325,3.812,-1507,3,3,-0.278,2.76E-19,327,0,2.38E-06,15,1,0,6,End
201,3.025,15.5,201,3,3,-1.42,0.0201,327,0.644,1.60E-08,161,2.975,-9.5,161,3,3,-0.828,0.0285,326,2.59,0,122,3,3,122,3,3,0,0,0,0,-1507,3.001,3.5,-1507,3,3,0.566,2.76E-19,327,0,0,15,1,0,6,End
201,3,3,201,3,3,-2.06,0.0193,327,2.46,4.06E-06,161,3,3,161,3,3,-0.243,0.0149,326,0.993,0,122,3.025,9.25,122,3,3,0,0,0,0,-1507,3.001,3.5,-1507,3,3,0.865,2.76E-19,327,0,0,15,1,0,6,End
201,3,3,201,3,3,0.819,0.0261,327,1.91,2.16E-07,161,2.975,-9.5,161,3,3,-1.2,0.017,326,2.14,6.38E-07,122,3,9.25,122,3,3,0,0,0,0,-1507,2.999,2.25,-1507,3,3,-0.0321,2.76E-19,327,0,0,15,1,0,6,End
201,3,3,201,3,3,-3.18,0.0299,327,3.76,1.19E-06,161,2.975,-9.5,161,3,3,-1.78,0.0179,326,3.48,7.28E-07,122,3,-3.25,122,3,3,0,0,0,0,-1507,3.002,4,-1507,3,3,-0.155,2.76E-19,327,0,-4.48E-07,15,1,0,6,End
201,3,3,201,3,3,-3.34,0.0241,327,3.78,0,161,2.975,-9.5,161,3,3,-0.695,0.0146,326,2.37,-1.50E-06,122,3.025,9.25,122,3,3,0,0,0,0,-1507,3.00125,4.13,-1507,3,3,0.443,2.76E-19,327,0,1.17E-08,15,1,0,6,End
201,3,3,201,3,3,-0.459,0.0165,327,1.01,8.55E-07,161,3.025,15.5,161,3,3,-0.427,0.027,326,0.984,0,122,3.025,9.25,122,3,3,0,0,0,0,-1507,3.001,3,-1507,3,3,0.566,2.76E-19,327,0,2.01E-06,15,1,0,6,End
201,3,3,201,3,3,-1.42,0.0203,328,1.36,0,161,2.975,-9.5,161,3,3,-1.65,0.0195,326,3.13,7.57E-07,122,3.025,15.5,122,3,3,0,0,0,0,-1507,3,3,-1507,3,3,-1.07,2.76E-19,327,0,0,15,1,0,6,End
201,3,3,201,3,3,-0.779,0.0274,327,1.24,-1.04E-06,161,3.025,9.25,161,3,3,-1.2,0.0174,326,2.88,-1.04E-06,122,3,3,122,3,3,0,0,0,0,-1507,3,3,-1507,3,3,-0.101,2.76E-19,327,0,-3.93E-06,15,1,0,6,End
201,3.025,9.25,201,3,3,-7.65,0.0332,328,9.38,1.25E-06,161,3,3,161,3,3,-0.612,0.0405,326,0.626,7.83E-07,122,3,3,122,3,3,0,0,0,0,-1507,2.999,2.75,-1507,3,3,0.566,2.76E-19,327,0,0,15,1,2,6,End
201,3,3,201,3,3,-0.619,0.0209,327,1.75,-6.73E-07,161,2.975,-3.25,161,3,3,-0.561,0.0245,326,1.33,-3.76E-09,122,3,3,122,3,3,0,0,0,0,-1507,3,3,-1507,3,3,-0.101,2.76E-19,327,0,2.58E-06,15,1,0,6,End
201,2.975,-3.25,201,3,3,0.659,0.0256,328,1.44,0,161,3,3,161,3,3,0.98,0.0188,326,0.539,-8.55E-07,122,3,3,122,3,3,0,0,0,0,-1507,2.999,2.5,-1507,3,3,4.84,2.76E-19,328,0,-2.09E-06,15,1,0,6,End
201,3,-3.25,201,3,3,-0.14,0.0195,327,0.871,7.33E-07,161,3.025,9.25,161,3,3,-1.06,0.0162,326,2.07,-1.43E-06,122,3,3,122,3,3,0,0,0,0,-1507,3,3,-1507,3,3,0.865,2.76E-19,328,0,-1.94E-06,15,1,0,6,End
201,3,9.25,201,3,3,-2.54,0.0388,327,2.28,-4.13E-07,161,3,-3.25,161,3,3,1.16,0.0178,326,1.46,0,122,3,3,122,3,3,0,0,0,0,-1507,3,2.75,-1507,3,3,0.566,2.76E-19,328,0,-2.37E-06,15,1,0,6,End
201,3,3,201,3,3,-1.58,0.0236,328,1.89,4.36E-06,161,3.025,9.25,161,3,3,0.343,0.0161,326,0.443,-7.86E-07,122,3,3,122,3,3,0,0,0,0,-1507,3.001,3.75,-1507,3,3,0.0216,2.76E-19,327,0,-2.34E-06,15,1,0,6,End
201,3.025,9.25,201,3,3,-0.3,0.0238,328,1.06,-1.00E-06,161,3,9.25,161,3,3,1.3,0.0338,327,1.37,8.23E-07,122,3,3,122,3,3,0,0,0,0,-1507,2.998,2.25,-1507,3,3,-0.278,2.76E-19,327,0,0,15,1,0,6,End
201,2.975,-3.25,201,3,3,-0.619,0.0181,328,0.701,-4.78E-07,161,3,-3.25,161,3,3,-0.00799,0.0161,326,2.47,2.87E-06,122,2.975,-9.5,122,3,3,0,0,0,0,-1507,3,3.25,-1507,3,3,0.566,2.76E-19,327,0,-1.55E-06,15,1,0,6,End
201,3,3,201,3,3,-1.74,0.0214,327,1.5,0,161,3,-3.25,161,3,3,0.0754,0.0179,326,1.2,1.25E-06,122,3,3,122,3,3,0,0,0,0,-1507,3,3.25,-1507,3,3,0.321,2.76E-19,327,0,-3.26E-07,15,1,0,6,End
201,3.05,21.8,201,3,3,-1.74,0.0309,327,1.63,0,161,3,3,161,3,3,0.209,0.0221,326,0.743,1.32E-06,122,3,9.25,122,3,3,0,0,0,0,-1507,2.998,2.25,-1507,3,3,0.689,2.76E-19,327,0,0,15,1,0,6,End
201,3,3,201,3,3,0.02,0.0216,327,0.898,1.23E-06,161,3,-3.25,161,3,3,-0.511,0.0168,326,2.25,1.41E-06,122,3.025,15.5,122,3,3,0,0,0,0,-1507,3,3,-1507,3,3,0.443,2.76E-19,327,0,0,15,1,2,6,End
201,3,9.25,201,3,3,-0.939,0.0206,327,0.567,0,161,2.925,-34.5,161,3,3,-1.01,0.0295,326,2.64,-2.10E-07,122,3.025,15.5,122,3,3,0,0,0,0,-1507,2.99775,1.62,-1507,3,3,-0.278,2.76E-19,327,0,0,15,1,0,6,End
201,3,3,201,3,3,-1.1,0.0202,327,2.02,7.99E-07,161,2.975,-9.5,161,3,3,-0.93,0.0182,326,1.8,0,122,3,9.25,122,3,3,0,0,0,0,-1507,3,3.5,-1507,3,3,0.321,2.76E-19,327,0,-3.32E-06,15,1,0,6,End
201,3,3,201,3,3,-0.939,0.0255,327,1.53,0,161,3,3,161,3,3,0.0248,0.0187,326,0.538,6.06E-07,122,2.975,-9.5,122,3,3,0,0,0,0,-1507,3.002,3.5,-1507,3,3,-0.101,2.76E-19,327,0,-1.73E-07,15,1,0,6,End
201,3.025,9.25,201,3,3,-1.74,0.0258,328,2.67,-2.90E-06,161,3.025,15.5,161,3,3,0.209,0.016,326,0.613,-7.08E-07,122,2.975,-9.5,122,3,3,0,0,0,0,-1507,3,2.75,-1507,3,3,0.267,2.76E-19,327,0,-1.43E-07,15,1,0,6,End
201,3,3,201,3,3,-1.1,0.0249,327,1.55,0,161,3.025,9.25,161,3,3,0.209,0.0186,326,1.5,1.56E-06,122,2.975,-9.5,122,3,3,0,0,0,0,-1507,3,3,-1507,3,3,0.444,2.76E-19,327,0,1.92E-06,15,1,0,6,End
201,3,3,201,3,3,-1.74,0.0187,328,2.47,9.83E-07,161,3,3,161,3,3,-1.2,0.0196,326,2.57,0,122,3,9.25,122,3,3,0,0,0,0,-1507,3.002,4.25,-1507,3,3,0.267,2.76E-19,327,0,-1.88E-06,15,1,0,6,End
201,2.975,-9.5,201,3,3,1.62,0.0293,327,2.52,8.87E-07,161,3.025,15.5,161,3,3,0.159,0.0166,326,0.138,0,122,3,3,122,3,3,0,0,0,0,-1507,2.999,2.75,-1507,3,3,0.0216,2.76E-19,327,0,1.63E-06,15,1,0,6,End
201,2.975,-3.25,201,3,3,-1.74,0.0259,328,2.58,4.13E-07,161,2.975,-9.5,161,3,3,-1.2,0.016,326,2.41,0,122,3,3,122,3,3,0,0,0,0,-1507,3.00125,4.13,-1507,3,3,0.865,2.76E-19,327,0,1.18E-06,15,1,0,6,End
201,2.95,-15.8,201,3,3,-1.58,0.0189,328,2.79,2.03E-06,161,3,3,161,3,3,-0.478,0.0187,326,0.938,7.17E-07,122,3,3,122,3,3,0,0,0,0,-1507,3,3,-1507,3,3,-0.278,2.76E-19,327,0,0,15,1,0,6,End
201,3,3,201,3,3,-1.42,0.0197,328,0.599,0,161,3,9.25,161,3,3,-0.26,0.0182,326,1.58,1.04E-06,122,3,9.25,122,3,3,0,0,0,0,-1217,2.999,2.75,-1217,3,3,-0.705,2.77E-19,327,0,-4.26E-06,15,1,2,50,End
201,3.025,15.5,201,3,3,0.979,0.0205,328,2.81,0,161,3,9.25,161,3,3,-0.899,0.0198,327,2.21,1.42E-06,122,3,3,122,3,3,0,0,0,0,-1217,3,2.5,-1217,3,3,-0.0341,2.77E-19,327,0,-5.12E-06,15,1,0,50,End
201,3.025,15.5,201,3,3,-1.1,0.0186,328,1.07,-2.62E-06,161,3,3,161,3,3,-5.53,0.0303,326,10.9,2.36E-06,122,3,3,122,3,3,0,0,0,0,-1217,2.999,2.313,-1217,3,3,-1,2.77E-19,328,0,3.99E-07,15,1,0,50,End
201,3,3,201,3,3,-0.779,0.0242,328,1.27,-1.86E-06,161,3,3,161,3,3,0.699,0.0183,326,0.935,5.08E-07,122,3,3,122,3,3,0,0,0,0,-1217,2.999,2.75,-1217,3,3,-1.19,2.77E-19,327,0,2.09E-06,15,1,0,50,End
201,3,3,201,3,3,0.34,0.0229,327,1.97,3.10E-06,161,3,9.25,161,3,3,-0.26,0.016,326,1.24,9.82E-07,122,3,3,122,3,3,0,0,0,0,-1217,3,3.25,-1217,3,3,-0.705,2.77E-19,327,0,3.05E-06,15,1,0,50,End
201,3,3,201,3,3,-0.619,0.0235,327,1.33,-2.60E-06,161,3.025,21.8,161,3,3,0.38,0.0149,326,0.568,0,122,3,3,122,3,3,0,0,0,0,-1217,3,3.25,-1217,3,3,0.264,2.77E-19,327,0,1.03E-06,15,1,0,50,End
201,3,3,201,3,3,-1.1,0.0247,327,0.343,-1.49E-06,161,3,3,161,3,3,-0.0999,0.0184,326,1.75,1.51E-06,122,3,3,122,3,3,0,0,0,0,-1217,3.001,3.25,-1217,3,3,-0.816,2.77E-19,327,0,-2.80E-06,15,1,0,50,End
201,3.025,15.5,201,3,3,-1.42,0.0247,328,1.65,1.86E-06,161,3,3,161,3,3,0.0599,0.0148,326,0.916,-1.22E-06,122,3,9.25,122,3,3,0,0,0,0,-1217,2.998,2.25,-1217,3,3,-1.6,2.77E-19,327,0,3.39E-06,15,1,0,50,End
201,3,3,201,3,3,-0.939,0.0219,327,0.66,1.53E-06,161,3,9.25,161,3,3,-0.0997,0.0162,326,1.9,9.43E-07,122,3,3,122,3,3,0,0,0,0,-1217,3,3.25,-1217,3,3,-1.38,2.77E-19,327,0,3.12E-06,15,1,0,50,End
201,3.025,15.5,201,3,3,-0.619,0.0208,327,1.23,-1.01E-06,161,2.975,-9.5,161,3,3,0.158,0.0158,326,0.602,7.59E-07,122,3,9.25,122,3,3,0,0,0,0,-1507,3.002,3.5,-1507,3,3,0.144,2.76E-19,327,0,4.08E-06,15,1,2,6,End
201,3,3,201,3,3,-0.619,0.0183,327,1.69,0,161,2.975,-9.5,161,3,3,1.16,0.0235,326,1.36,0,122,3,3,122,3,3,0,0,0,0,-1507,3.002,3.313,-1507,3,3,0.0216,2.76E-19,327,0,-1.34E-06,15,1,0,6,End
201,3,3,201,3,3,1.14,0.0208,327,2.26,1.17E-06,161,3.025,15.5,161,3,3,-1.33,0.0163,326,2.44,0,122,3,-3.25,122,3,3,0,0,0,0,-1507,3,3.25,-1507,3,3,0.865,2.76E-19,327,0,-2.25E-06,15,1,0,6,End
201,3,3,201,3,3,2.58,0.0214,327,4.55,2.56E-07,161,3.025,15.5,161,3,3,-0.293,0.0246,326,0.503,1.15E-06,122,2.975,-3.25,122,3,3,0,0,0,0,-1507,2.999,2.5,-1507,3,3,0.566,2.76E-19,327,0,-1.65E-06,15,1,0,6,End
201,3.025,9.25,201,3,3,0.341,0.0204,327,1.26,1.57E-06,161,2.975,-9.5,161,3,3,0.343,0.0191,326,0.507,0,122,3.025,9.25,122,3,3,0,0,0,0,-1507,2.999,2.75,-1507,3,3,0.443,2.76E-19,327,0,0,15,1,0,6,End
201,3,3,201,3,3,-0.939,0.0309,327,1.35,-3.13E-07,161,3.025,15.5,161,3,3,0.26,0.0174,326,1.48,4.06E-07,122,3,9.25,122,3,3,0,0,0,0,-1507,3,2.75,-1507,3,3,-0.7,2.76E-19,327,0,0,15,1,0,6,End
201,3,3,201,3,3,-0.939,0.027,327,1.55,0,161,3.05,21.8,161,3,3,-0.795,0.0194,326,0.435,7.65E-07,122,3,3,122,3,3,0,0,0,0,-1507,3.001,3.5,-1507,3,3,0.566,2.76E-19,327,0,3.72E-06,15,1,0,6,End
201,3,3,201,3,3,-1.1,0.0211,327,0.714,-6.31E-07,161,2.975,-9.5,161,3,3,-0.294,0.0132,326,1.53,-1.29E-06,122,3,3,122,3,3,0,0,0,0,-1507,2.99825,2.562,-1507,3,3,0.566,2.76E-19,327,0,-2.61E-06,15,1,0,6,End
201,3,3,201,3,3,0.179,0.0199,327,1.9,1.31E-06,161,3,9.25,161,3,3,0.897,0.0208,326,1.76,-3.07E-07,122,3,-3.25,122,3,3,0,0,0,0,-1507,3,3.25,-1507,3,3,0.144,2.76E-19,327,0,-1.94E-06,15,1,0,6,End
201,3,3,201,3,3,-0.3,0.0172,327,1.02,1.45E-06,161,3.025,9.25,161,3,3,-0.695,0.0141,326,1.84,0,122,2.975,-9.5,122,3,3,0,0,0,0,-1507,3.001,3.75,-1507,3,3,0.443,2.76E-19,327,0,0,15,1,0,6,End
201,3,3,201,3,3,0.819,0.0228,327,2.15,0,161,2.975,-3.25,161,3,3,0.477,0.0151,326,0.17,-1.03E-06,122,3.025,9.25,122,3,3,0,0,0,0,-1507,2.998,2.25,-1507,3,3,-0.155,2.76E-19,327,0,-2.01E-06,15,1,0,6,End
201,3.025,15.5,201,3,3,1.46,0.0229,327,2.9,0,161,3.05,21.8,161,3,3,-0.83,0.032,326,1.81,0,122,3.025,15.5,122,3,3,0,0,0,0,-1507,2.999,3,-1507,3,3,0.267,2.76E-19,327,0,0,15,1,0,6,End
201,3,3,201,3,3,-0.779,0.0207,327,0.57,1.64E-06,161,3.025,15.5,161,3,3,0.662,0.018,326,1.34,0,122,2.975,-9.5,122,3,3,0,0,0,0,-1507,2.999,2.75,-1507,3,3,0.443,2.76E-19,327,0,7.84E-07,15,1,0,6,End
201,2.95,-15.8,201,3,3,-0.14,0.0219,327,1.38,4.38E-07,161,3,-3.25,161,3,3,-0.561,0.0153,326,1.49,8.35E-07,122,3,3,122,3,3,0,0,0,0,-1507,3,2.5,-1507,3,3,0.267,2.76E-19,327,0,0,15,1,0,6,End
201,3,-9.5,201,3,3,0.34,0.0195,327,1.05,0,161,3.025,15.5,161,3,3,-0.109,0.0175,326,0.815,0,122,3,3,122,3,3,0,0,0,0,-1507,3.001,3.25,-1507,3,3,0.988,2.76E-19,327,0,0,15,1,0,6,End
201,3,3,201,3,3,-0.619,0.025,327,0.534,8.71E-07,161,3,-3.25,161,3,3,0.209,0.0168,326,0.636,-1.83E-06,122,3.025,9.25,122,3,3,0,0,0,0,-1507,2.999,2.5,-1507,3,3,0.566,2.76E-19,327,0,6.39E-07,15,1,0,6,End
201,3,3,201,3,3,0.819,0.0207,327,1.4,-3.98E-07,161,3,3,161,3,3,-0.695,0.0195,326,2.3,-1.62E-06,122,3,9.25,122,3,3,0,0,0,0,-1507,3.001,3,-1507,3,3,0.444,2.76E-19,327,0,1.90E-06,15,1,0,6,End
201,3,3,201,3,3,-1.26,0.0187,327,1.06,0,161,3.05,15.5,161,3,3,0.0257,0.0291,326,0.895,2.71E-06,122,3.025,15.5,122,3,3,0,0,0,0,-1507,2.998,2.25,-1507,3,3,0.144,2.76E-19,327,0,-7.61E-07,15,1,0,6,End
201,3,9.25,201,3,3,0.979,0.0172,327,2.15,0,161,3.025,15.5,161,3,3,-0.293,0.0145,326,0.851,-9.71E-07,122,2.975,-9.5,122,3,3,0,0,0,0,-1507,3,2.75,-1507,3,3,0.444,2.76E-19,327,0,3.44E-06,15,1,0,6,End
201,2.975,-9.5,201,3,3,-0.939,0.0189,327,1.98,-4.95E-07,161,3,3,161,3,3,0.159,0.0177,326,0.487,1.78E-06,122,2.975,-9.5,122,3,3,0,0,0,0,-1507,3.001,3.25,-1507,3,3,-0.4,2.76E-19,327,0,0,15,1,0,6,End
201,3,3,201,3,3,-0.3,0.0241,327,0.371,0,161,3.025,15.5,161,3,3,0.795,0.0181,326,1.38,5.31E-07,122,2.975,-9.5,122,3,3,0,0,0,0,-1507,3.001,3.25,-1507,3,3,0.144,2.76E-19,327,0,1.30E-06,15,1,0,6,End
201,3,3,201,3,3,0.499,0.0183,327,1.5,0,161,3,-3.25,161,3,3,-0.746,0.0165,326,1.44,8.89E-07,122,2.975,-9.5,122,3,3,0,0,0,0,-1507,3.001,3.25,-1507,3,3,0.267,2.76E-19,327,0,1.52E-06,15,1,0,6,End
201,3,3,201,3,3,-1.42,0.0219,327,0.842,0,161,3,-9.5,161,3,3,-1.28,0.0182,326,3.1,8.29E-07,122,2.975,-3.25,122,3,3,0,0,0,0,-1507,2.999,2.5,-1507,3,3,0.144,2.76E-19,327,0,7.97E-07,15,1,0,6,End
201,2.975,-9.5,201,3,3,-1.58,0.0193,328,2.75,0,161,3.025,15.5,161,3,3,-0.427,0.0195,327,1.1,3.30E-06,122,3.025,9.25,122,3,3,0,0,0,0,-1507,3.00425,4.31,-1507,3,3,0.321,2.76E-19,328,0,3.80E-06,15,1,2,6,End
201,3.025,15.5,201,3,3,-0.779,0.0194,328,1.03,-6.70E-07,161,3,-3.25,161,3,3,-0.695,0.017,327,2.27,-2.78E-06,122,3,3,122,3,3,0,0,0,0,-1507,2.999,2.25,-1507,3,3,0.444,2.76E-19,328,0,0,15,1,0,6,End
201,3.025,9.25,201,3,3,-1.74,0.0233,328,2.18,-1.14E-06,161,3,3,161,3,3,-0.561,0.0152,327,1.74,1.18E-06,122,3,3,122,3,3,0,0,0,0,-1507,3.001,3,-1507,3,3,-0.155,2.76E-19,328,0,0,15,1,0,6,End
201,3,3,201,3,3,-1.42,0.0199,328,1.37,1.16E-06,161,3.025,15.5,161,3,3,-0.695,0.0168,327,1.8,1.24E-06,122,3,3,122,3,3,0,0,0,0,-1507,3.001,3.25,-1507,3,3,0.267,2.76E-19,328,0,1.00E-06,15,1,0,6,End
201,3,3,201,3,3,-0.619,0.0214,328,1.48,0,161,2.975,-9.5,161,3,3,-0.16,0.0163,327,0.697,-4.02E-07,122,3.025,9.25,122,3,3,0,0,0,0,-1507,3,3,-1507,3,3,-0.278,2.76E-19,327,0,0,15,1,0,6,End
201,3.025,15.5,201,3,3,-1.42,0.0205,328,0.425,0,161,3,9.25,161,3,3,0.578,0.0268,326,1.59,-1.46E-06,122,3,3,122,3,3,0,0,0,0,-1507,3.002,3.75,-1507,3,3,0.866,2.76E-19,327,0,1.74E-06,15,1,0,6,End
201,3.025,15.5,201,3,3,0.339,0.0247,327,2.3,9.20E-07,161,3,3,161,3,3,0.26,0.0159,326,1.43,8.61E-07,122,3.025,9.25,122,3,3,0,0,0,0,-1507,3,2.75,-1507,3,3,0.144,2.76E-19,327,0,-2.29E-07,15,1,0,6,End
201,3,3,201,3,3,-0.14,0.0306,328,0.0665,0,161,3.025,15.5,161,3,3,-0.511,0.02,327,2.06,1.56E-06,122,2.975,-3.25,122,3,3,0,0,0,0,-1507,2.999,2.75,-1507,3,3,0.144,2.76E-19,327,0,0,15,1,0,6,End
201,3,3,201,3,3,0.499,0.0181,328,1.08,-6.17E-07,161,2.925,-28.3,161,3,3,0.796,0.0174,327,1.7,-1.82E-06,122,3,-3.25,122,3,3,0,0,0,0,-1507,2.99675,1.94,-1507,3,3,-0.101,2.76E-19,327,0,-1.28E-06,15,1,0,6,End
201,3,-3.25,201,3,3,-0.62,0.023,328,1.62,5.15E-06,161,3.025,9.25,161,3,3,-0.109,0.0162,326,0.809,-5.14E-07,122,3,9.25,122,3,3,0,0,0,0,-1507,3,3.5,-1507,3,3,0.144,2.76E-19,328,0,2.14E-08,15,1,0,6,End
200,-15.3,-135,200,-14.9,3.0000954,-6.64,0.11,326,30.1,0.00407,160,-29.3,-147,159,-29.4,2.9999046,-11.1,0.213,325,50,0.0147,121,-30.7,-310,120,-30.7,3,0,0,0,0,-1507,3.001,3.5,-1507,3,3,0.267,2.76E-19,327,0,-6.80E-07,15,1,2,50,End
199,-15,-34.5,198,-14.9,2.999809,-6.16,0.113,326,30.9,0.00416,156,-29.4,-34.5,156,-29.4,3,-8.33,0.169,325,49.8,0.0117,117,-30.5,40.5,117,-30.7,2.9999046,0,0,0,0,-1507,3,3.25,-1507,3,3,0.144,2.76E-19,327,0,-2.48E-06,15,1,7,50,End
197,-14.9,-34.5,197,-14.9,3.000191,-7.37,0.12,327,30.6,0.00446,153,-29.3,53,153,-29.4,2.999809,-13.3,0.196,325,44.5,0.0135,114,-30.6,21.8,114,-30.7,3.0000954,0,0,0,0,-1507,2.998,2.812,-1507,3,3,0.144,2.76E-19,327,0,-3.87E-06,15,1,7,50,End
195,-14.8,-28.3,195,-14.9,2.9999046,-6.96,0.123,327,30.1,0.00462,150,-29.7,-84.5,150,-29.4,2.999809,-9.29,0.157,325,48.2,0.0109,110,-30.7,9.25,110,-30.7,2.9999046,0,0,0,0,-1507,3.001,3.75,-1507,3,3,-0.278,2.76E-19,327,0,0,15,1,7,50,End
193,-14.9,15.5,193,-14.9,2.9999046,-6,0.121,327,29.2,0.00455,147,-29.5,-15.8,147,-29.4,2.9999046,-7.99,0.147,325,48.3,0.01,107,-30.5,-9.5,107,-30.7,3.0000954,0,0,0,0,-1507,2.999,2.5,-1507,3,3,0.443,2.76E-19,327,0,-1.33E-06,15,1,7,50,End
191,-15,3,191,-14.9,3.000191,-5.27,0.115,326,29,0.00424,144,-29.2,65.5,143,-29.4,3,-10.4,0.192,325,47.7,0.013,104,-30.6,-22,103,-30.7,3,0,0,0,0,-1507,3.002,4,-1507,3,3,0.444,2.76E-19,327,0,0,15,1,7,50,End
190,-15,-28.3,189,-14.9,2.9999046,-5.35,0.106,327,31.7,0.00396,140,-29.3,-78.2,140,-29.4,2.999809,-9.83,0.196,325,48.9,0.0136,100.4,-30.6,21.8,100.1,-30.7,3.000191,0,0,0,0,-1507,3,3.25,-1507,3,3,-0.278,2.76E-19,327,0,-3.11E-07,15,1,7,50,End
188,-15,-34.5,188,-14.9,3,-6.96,0.115,326,30.2,0.00429,137,-29.4,-3.25,137,-29.4,2.999809,-9.22,0.171,325,49.8,0.0116,97,-30.7,-22,96.8,-30.7,2.9999046,0,0,0,0,-1507,2.99775,1.62,-1507,3,3,0.0216,2.76E-19,327,0,-5.98E-07,15,1,7,50,End
186,-14.8,-47,186,-14.9,3,-10.2,0.143,326,28.6,0.00539,134,-29.5,-47,134,-29.4,2.9999046,-8.38,0.174,325,48.6,0.0119,93.7,-30.7,-28.3,93.4,-30.7,2.9999046,0,0,0,0,-1507,3,2.687,-1507,3,3,0.444,2.76E-19,327,0,1.36E-06,15,1,7,50,End
184,-14.8,21.8,184,-14.9,3.0000954,-7.33,0.136,327,29.9,0.00509,131,-29.6,-65.7,130,-29.4,3,-7.4,0.157,325,48.6,0.0109,90.3,-30.8,-15.8,90,-30.7,3,0,0,0,0,-1507,3.002,3.75,-1507,3,3,-0.101,2.76E-19,327,0,0,15,1,7,50,End
201,3,3,201,3,3,-0.3,0.0233,328,1.31,0,161,2.975,-9.5,161,3,3,0.54,0.024,326,2.36,0,122,3,3,122,3,3,0,0,0,0,-1217,3,2.75,-1217,3,3,1.23,2.77E-19,327,0,5.31E-06,15,1,2,50,End
201,3,3,201,3,3,0.819,0.0252,328,2.42,1.66E-06,161,3.05,28,161,3,3,-1.54,0.0319,326,2.77,-6.88E-08,122,3,3,122,3,3,0,0,0,0,-1217,3.001,3.5,-1217,3,3,-5.25,2.77E-19,327,0,0,15,1,0,50,End
201,3,3,201,3,3,-0.3,0.0179,327,0.788,0,161,3,3,161,3,3,1.02,0.0199,326,0.93,7.34E-07,122,3,3,122,3,3,0,0,0,0,-1217,3,3.5,-1217,3,3,-0.518,2.77E-19,328,0,4.69E-06,15,1,0,50,End
201,3.075,34.3,201,3,3,-0.94,0.0199,328,1.78,-5.01E-06,161,3,3,161,3,3,0.38,0.0185,326,2.45,2.40E-06,122,3,3,122,3,3,0,0,0,0,-1217,2.999,2.75,-1217,3,3,-0.221,2.77E-19,327,0,1.89E-06,15,1,0,50,End
201,3,-3.25,201,3,3,2.9,0.0235,328,5.47,1.03E-06,161,3.025,21.8,161,3,3,-0.899,0.0204,326,2.26,0,122,3,3,122,3,3,0,0,0,0,-1217,3.001,3.5,-1217,3,3,-0.705,2.77E-19,327,0,0,15,1,0,50,End
201,3,3,201,3,3,-2.54,0.023,328,3.12,-1.38E-06,161,3,-3.25,161,3,3,0.38,0.0281,326,2.08,1.28E-07,122,3,3,122,3,3,0,0,0,0,-1217,3,2.75,-1217,3,3,-2.16,2.77E-19,328,0,2.18E-06,15,1,0,50,End
201,3,15.5,201,3,3,-0.939,0.0207,327,0.696,-1.23E-06,161,3.025,15.5,161,3,3,-0.58,0.0156,326,2.04,-2.10E-07,122,3,3,122,3,3,0,0,0,0,-1217,3,3,-1217,3,3,-0.705,2.77E-19,327,0,0,15,1,0,50,End
201,3,3,201,3,3,0.339,0.0232,328,1.24,-1.34E-06,161,3,9.25,161,3,3,-1.54,0.0167,327,3.34,2.79E-07,122,3,3,122,3,3,0,0,0,0,-1217,2.999,2.75,-1217,3,3,-1,2.77E-19,327,0,0,15,1,0,50,End
201,3,9.25,201,3,3,-1.26,0.0206,327,1.09,1.23E-06,161,3.025,15.5,161,3,3,-2.34,0.0197,326,3.43,2.07E-07,122,3,3,122,3,3,0,0,0,0,-1217,3,3.25,-1217,3,3,-0.705,2.77E-19,327,0,-4.32E-06,15,1,0,50,End
201,3,3,201,3,3,-2.7,0.0304,327,2.55,0,161,3,9.25,161,3,3,0.859,0.0191,326,0.549,1.24E-06,122,3,3,122,3,3,0,0,0,0,-1217,2.999,2.75,-1217,3,3,-1,2.77E-19,327,0,0,15,1,0,50,End
149,16.9,-3.25,149,17.6,72.4,7.04,0.133,323,26,0.00405,78.6,-10.5,203,78.5,-10.6,76.1,-11.3,0.179,322,27.2,0.00498,32.5,3.025,15.5,32.5,3,3,0,0,0,0,-1457,56.5,43.7,-1457,56.3,3,16.4,0.847,318,118,0.162,15,1,2,20,End
150,22.1,21.8,150,22.4,28.5,6.68,0.134,323,32.4,0.00548,77.6,-2.88,84.2,77.6,-1.86,100.5,-2.48,0.0496,322,11.1,0.00055,32.5,3.025,9.25,32.5,3,3,0,0,0,0,-1457,56.2,-58.7,-1457,56.3,3,24.8,1.03,318,123,0.197,15,1,18,20,End
152,23.1,597,152,23,3,5.84,0.158,322,31.5,0.00536,77.5,2.9,-53.3,77.5,3,3,-2.57,0.0689,323,3.89,1.00E-05,32.5,3.025,15.5,32.5,3,3,0,0,0,0,-1447,56.4,41.4,-1447,56.3,3,18.3,1.03,318,116,0.197,15,1,18,20,End
154,23.1,-28.3,154,23,3,5.74,0.11,323,33.3,0.00465,77.5,2.925,-47,77.5,3,3,-2.59,0.066,323,2.61,9.79E-06,32.5,3.025,9.25,32.5,3,3,0,0,0,0,-1447,56.3,3.687,-1447,56.3,3.000000954,23.6,0.998,317,121,0.191,15,1,19,20,End
156,23.1,21.8,156,23,3,6,0.107,323,32.6,0.00449,77.5,2.95,-15.8,77.5,3,3,-3.23,0.0595,322,2.02,1.87E-05,32.5,3,-3.25,32.5,3,3,0,0,0,0,-1437,56.2,-48.3,-1437,56.3,2.999999046,23.7,1.03,318,122,0.197,15,1,19,20,End
158,23,46.8,158,23,3,8.31,0.136,323,31.5,0.00574,77.5,2.9,-53.3,77.5,3,3,-2.74,0.0588,323,2.26,2.74E-05,32.5,3.025,15.5,32.5,3,3,0,0,0,0,-1437,56.4,74.5,-1437,56.3,3,20.1,0.936,317,118,0.18,15,1,19,20,End
159,22.9,84.2,159,22.6,-16.2,8.03,0.154,323,33.3,0.00649,77.5,6.33,90.5,77.5,7.01,101.9,7.29,0.133,322,12.9,0.000937,32.5,3.025,15.5,32.5,3,3,0,0,0,0,-1427,56.3,-9.4,-1427,56.3,3,20.2,0.959,317,119,0.185,15,1,19,20,End
161,18.9,21.8,161,18.2,-61.6,4.54,0.091,323,26.8,0.00294,78.3,15.7,141,78.4,16,80.4,5.83,0.129,322,22.7,0.00346,32.5,3.025,15.5,32.5,3,3,0,0,0,0,-1417,56.4,5.56,-1417,56.3,3,18.6,0.891,318,120,0.171,15,1,20,20,End
162,10.88,28,162,10.07,-90.9,3.27,0.0905,324,15.9,0.00145,79.9,21.6,109,80.1,21.7,39.6,5.66,0.124,322,30.6,0.00478,32.5,3.025,15.5,32.5,3,3,0,0,0,0,-1417,56.4,69.2,-1417,56.3,3.000000954,23.9,1,316,119,0.193,15,1,20,20,End
162,3.075,59.3,162,3,3,1.29,0.0479,324,2.43,2.81E-05,81.4,5,166,81.5,13,1003,10.8,0.159,323,13.9,0.00123,32.5,3.025,15.5,32.5,3,3,0,0,0,0,-1407,56.4,1.19,-1407,56.3,2.999999046,19.3,1,317,117,0.193,15,1,20,20,End
182,-14.9,21.8,182,-14.9,2.999809,-6.39,0.133,327,29.4,0.00512,127,-29.3,116,127,-29.4,2.999809,-9.45,0.136,325,49.5,0.00895,86.9,-30.7,-15.8,86.7,-30.7,3.0000954,0,0,0,0,-1507,3.001,3.5,-1507,3,3,0.198,2.76E-19,327,0,8.53E-07,15,1,2,50,End
181,-14.8,34.3,180,-14.9,3.0000954,-5.84,0.115,327,29.5,0.00439,124,-29,141,124,-29.4,2.999809,-10.7,0.19,325,50.2,0.0127,83.6,-30.7,-9.5,83.3,-30.7,2.9999046,0,0,0,0,-1507,3.002,4,-1507,3,3,0.321,2.76E-19,327,0,4.02E-06,15,1,7,50,End
179,-15,-47,179,-14.9,3.0000954,-6.21,0.108,327,30.2,0.00388,121,-29.3,-53.3,121,-29.4,2.9999046,-9.36,0.178,325,48.5,0.0123,80.2,-30.7,-22,79.9,-30.7,3,0,0,0,0,-1507,3.001,2.75,-1507,3,3,0.267,2.76E-19,327,0,5.68E-06,15,1,7,50,End
177,-14.8,-34.5,177,-14.9,2.999809,-9.2,0.138,327,30,0.00513,118,-29.2,40.5,117,-29.4,3,-11.8,0.181,325,50.1,0.0124,76.8,-30.7,9.25,76.6,-30.7,3.0000954,0,0,0,0,-1507,3,3,-1507,3,3,-0.101,2.76E-19,327,0,-2.01E-06,15,1,7,50,End
175,-14.9,15.5,175,-14.9,3.000191,-7.76,0.129,326,29.5,0.00499,114,-29.5,-40.8,114,-29.4,2.999809,-9.49,0.17,325,49.9,0.0115,73.5,-30.6,53,73.2,-30.7,3.0000954,0,0,0,0,-1507,3.001,3.5,-1507,3,3,-0.155,2.76E-19,327,0,-8.19E-07,15,1,7,50,End
173,-14.7,34.3,173,-14.9,2.9999046,-8.32,0.145,327,28.9,0.00534,111,-29.5,-22,111,-29.4,2.999809,-8.23,0.161,325,47.9,0.0111,70.1,-30.7,15.5,69.8,-30.7,2.999809,0,0,0,0,-1507,3.001,3.5,-1507,3,3,0.866,2.76E-19,327,0,3.54E-06,15,1,7,50,End
172,-14.9,-3.25,172,-14.9,2.9999046,-6.94,0.122,327,29.2,0.00453,108,-29.1,122,108,-29.4,2.9999046,-14.1,0.193,325,48.4,0.013,66.7,-30.9,-34.5,66.5,-30.7,3,0,0,0,0,-1507,3.001,3.5,-1507,3,3,-0.278,2.76E-19,327,0,0,15,1,7,50,End
170,-14.9,-3.25,170,-14.9,3.000191,-5.54,0.106,327,30.2,0.00396,105,-29.2,-53.3,104,-29.4,3,-12.2,0.198,325,50,0.0134,63.4,-30.8,-34.5,63.1,-30.7,3.0000954,0,0,0,0,-1507,3.002,3.75,-1507,3,3,0.444,2.76E-19,327,0,-1.73E-06,15,1,7,50,End
168,-15,-65.7,168,-14.9,2.9999046,-6.1,0.0963,327,30.2,0.00353,101.5,-29.4,-34.5,101.2,-29.4,2.999809,-9.57,0.17,325,49.6,0.0117,60,-30.6,-3.25,59.7,-30.7,2.9999046,0,0,0,0,-1507,3,3,-1507,3,3,-0.7,2.76E-19,327,0,-1.30E-06,15,1,7,50,End
166,-15,9.25,166,-14.9,3,-6.74,0.108,326,29.8,0.00401,98.2,-29.3,46.8,98,-29.4,2.9999046,-11.4,0.196,325,46.8,0.0135,56.6,-30.5,78,56.4,-30.7,3,0,0,0,0,-1507,3,3,-1507,3,3,0.0215,2.76E-19,327,0,1.31E-06,15,1,7,50,End
201,3.025,21.8,201,3,3,-1.26,0.0218,327,0.502,-1.00E-06,161,3,9.25,161,3,3,-1.22,0.0265,326,2.73,1.09E-06,122,3.025,15.5,122,3,3,0,0,0,0,-1217,2.999,3,-1217,3,3,-0.816,2.77E-19,327,0,2.22E-06,15,1,2,50,End
201,3,3,201,3,3,0.18,0.023,327,1.38,1.76E-06,161,3.025,15.5,161,3,3,0.859,0.0215,326,0.724,0,122,3,3,122,3,3,0,0,0,0,-1217,2.998,2,-1217,3,3,-0.034,2.77E-19,327,0,4.51E-06,15,1,0,50,End
201,3,3,201,3,3,-1.42,0.0242,327,1.3,1.85E-06,161,3,9.25,161,3,3,0.38,0.0164,326,0.311,0,122,3,3,122,3,3,0,0,0,0,-1217,3.001,3.25,-1217,3,3,-1,2.77E-19,327,0,-2.51E-06,15,1,0,50,End
201,3,-3.25,201,3,3,-0.14,0.0243,327,1.14,0,161,3,3,161,3,3,0.06,0.0159,326,2.67,4.88E-07,122,3,3,122,3,3,0,0,0,0,-1217,3,2.562,-1217,3,3,0.0769,2.77E-19,327,0,2.83E-06,15,1,0,50,End
201,3,3,201,3,3,-0.299,0.0172,327,1.58,0,161,2.975,-9.5,161,3,3,0.859,0.0184,326,0.934,2.27E-06,122,3,3,122,3,3,0,0,0,0,-1217,3.001,3.25,-1217,3,3,-0.705,2.77E-19,327,0,1.53E-06,15,1,0,50,End
201,3,3,201,3,3,-1.58,0.0312,328,1.07,1.21E-06,161,3.025,21.8,161,3,3,-0.58,0.0167,326,2.21,1.09E-06,122,3,3,122,3,3,0,0,0,0,-1217,3,3.25,-1217,3,3,-0.705,2.77E-19,327,0,2.89E-06,15,1,0,50,End
201,3,3,201,3,3,0.659,0.0336,328,2.32,-1.36E-06,161,3,3,161,3,3,0.22,0.0165,326,2.27,4.06E-07,122,3,3,122,3,3,0,0,0,0,-1217,3.001,3,-1217,3,3,0.264,2.77E-19,327,0,-1.09E-06,15,1,0,50,End
201,3,3,201,3,3,-1.1,0.0223,328,0.926,-1.34E-06,161,3,9.25,161,3,3,-0.899,0.0214,326,2.24,1.94E-06,122,3,3,122,3,3,0,0,0,0,-1217,3.001,3.5,-1217,3,3,-0.705,2.77E-19,328,0,-3.39E-06,15,1,0,50,End
201,3,3,201,3,3,-1.26,0.0234,328,0.958,0,161,3,9.25,161,3,3,-0.579,0.0201,326,1.81,4.38E-07,122,3,3,122,3,3,0,0,0,0,-1217,2.999,2.75,-1217,3,3,-0.407,2.77E-19,327,0,0,15,1,0,50,End
201,3,3,201,3,3,0.499,0.0206,328,1.61,2.13E-06,161,3,9.25,161,3,3,0.22,0.0149,326,0.624,8.87E-07,122,3,3,122,3,3,0,0,0,0,-1217,3.001,3.25,-1217,3,3,-0.816,2.77E-19,327,0,-3.66E-06,15,1,0,50,End
162,3.1,53,162,3,3,-2.27,0.0363,324,5.27,4.58E-06,83.3,23,84.2,83.5,23,3,9.37,0.169,322,35.3,0.00706,32.5,3.025,15.5,32.5,3,3,0,0,0,0,-1407,56.4,22.6,-1407,56.3,3,18.4,0.872,318,121,0.168,15,1,2,20,End
162,2.95,-15.8,162,3,3,-0.0096,0.024,323,6.52,-5.49E-06,85.4,23,-22,85.5,23,3,7.57,0.145,322,35,0.00615,32.5,3,3,32.5,3,3,0,0,0,0,-1397,56.4,16.2,-1397,56.3,3,20.7,0.951,318,120,0.184,15,1,21,20,End
162,2.95,-28.3,162,3,3,1.59,0.0316,324,4.4,-8.89E-06,87.4,22.8,-122,87.5,23,3,6.83,0.137,322,32.7,0.00585,32.5,2.975,-9.5,32.5,3,3,0,0,0,0,-1397,56.3,-56.3,-1397,56.3,3,22.3,0.899,320,119,0.172,15,1,21,20,End
162,2.775,-47,162,1.8,-113,-0.152,0.0162,324,2.61,1.99E-06,88.7,17.2,1123,88.8,23,498,12.8,0.274,322,30.9,0.00886,32.5,2.975,-3.25,32.5,3,3,0,0,0,0,-1387,56.3,2.812,-1387,56.3,3,20.9,1.04,318,118,0.199,15,1,21,20,End
162,-7.1,-135,162,-7.7,-82.7,-5.75,0.123,323,20.7,0.00266,90.6,20.6,28,90.7,19.9,-50,3.98,0.0842,322,28.5,0.00297,32.5,3,9.25,32.5,3,3,0,0,0,0,-1387,56.3,2.438,-1387,56.3,3.000000954,24.8,0.938,319,123,0.18,15,1,23,20,End
160,-14.2,-78.2,160,-14.5,-46.4,-5.88,0.117,323,30.5,0.00416,92,13.5,96.7,92,12.63,-84.8,6.36,0.15,322,20.1,0.00333,32.5,3.025,15.5,32.5,3,3,0,0,0,0,-1377,56.3,-36.3,-1377,56.3,2.999999046,25.8,1.07,319,117,0.205,15,1,23,20,End
158,-15.3,372,158,-6.7,1002,7.57,0.113,323,11.3,-0.00171,92.5,3.725,-116,92.5,3.12,-49.7,5.38,0.0825,322,7.14,0.000104,32.5,2.975,-9.5,32.5,3,3,0,0,0,0,-1377,56.3,20.8,-1377,56.3,3,24.5,1.07,318,121,0.205,15,1,23,20,End
157,-16.9,40.5,157,-17,3,-7.9,0.133,323,31.1,0.0057,92.5,2.925,-53.3,92.5,3,3,5.41,0.0771,322,6.03,-1.20E-05,32.5,3,9.25,32.5,3,3,0,0,0,0,-1367,56.3,-29.8,-1367,56.3,3,24,1.14,318,119,0.219,15,1,23,20,End
155,-17,40.5,155,-17,3,-6.7,0.125,323,32.7,0.00517,92.5,2.925,-40.8,92.5,3,3,4.86,0.0746,322,7.09,-1.18E-05,32.5,2.95,-15.8,32.5,3,3,0,0,0,0,-1367,56.5,35.1,-1367,56.3,3,17.3,0.882,319,119,0.169,15,1,23,20,End
153,-16.8,34.3,153,-17,3,-8.32,0.152,323,34.5,0.00639,92.5,2.95,-28.3,92.5,3,3,5.39,0.0706,322,5.71,-5.60E-05,32.5,3.025,9.25,32.5,3,3,0,0,0,0,-1357,56.3,10.81,-1357,56.3,3.000000954,23.5,1.01,319,121,0.193,15,1,23,20,End
201,3,3,201,3,3,-1.26,0.0219,328,0.708,3.30E-06,161,3.025,15.5,161,3,3,-1.38,0.0181,326,3.05,0,122,3,3,122,3,3,0,0,0,0,-1217,3.001,3.25,-1217,3,3,-0.705,2.77E-19,327,0,-2.16E-06,15,1,2,50,End
201,3,3,201,3,3,-2.7,0.0294,328,1.98,2.67E-06,161,3,9.25,161,3,3,-1.06,0.0161,326,2.66,7.75E-07,122,3,3,122,3,3,0,0,0,0,-1217,3,2.5,-1217,3,3,-0.221,2.77E-19,327,0,-1.86E-06,15,1,0,50,End
201,3,3,201,3,3,-0.619,0.0273,328,0.496,1.83E-06,161,3.025,28,161,3,3,-0.899,0.0188,326,2.45,-3.03E-07,122,3,3,122,3,3,0,0,0,0,-1217,2.998,2.5,-1217,3,3,-1.97,2.77E-19,327,0,5.69E-06,15,1,0,50,End
201,3,3,201,3,3,-0.939,0.0213,328,0.113,2.67E-06,161,3,9.25,161,3,3,-0.0998,0.016,326,1.18,9.08E-07,122,3,3,122,3,3,0,0,0,0,-1217,3,3,-1217,3,3,-0.407,2.77E-19,327,0,0,15,1,0,50,End
201,2.975,-3.25,201,3,3,-0.619,0.021,328,0.976,-1.81E-06,161,2.975,-15.8,161,3,3,0.379,0.02,326,1.73,-1.18E-06,122,3,3,122,3,3,0,0,0,0,-1217,2.999,3,-1217,3,3,-1,2.77E-19,327,0,7.08E-06,15,1,0,50,End
201,3,3,201,3,3,-2.86,0.0349,328,3.15,-2.56E-06,161,3.05,28,161,3,3,0.861,0.031,326,1.26,9.25E-07,122,3,3,122,3,3,0,0,0,0,-1217,3,2.75,-1217,3,3,0.0769,2.77E-19,327,0,-7.30E-07,15,1,0,50,End
201,3.025,9.25,201,3,3,-0.619,0.0345,327,0.907,-2.67E-06,161,2.95,-22,161,3,3,1.34,0.0201,326,1.2,4.30E-07,122,3,3,122,3,3,0,0,0,0,-1217,2.998,2.25,-1217,3,3,-0.407,2.77E-19,327,0,3.18E-06,15,1,0,50,End
201,3,3,201,3,3,-1.74,0.0208,328,1.15,0,161,3.05,28,161,3,3,-0.58,0.0226,326,2.09,-4.61E-07,122,3,3,122,3,3,0,0,0,0,-1217,3,3,-1217,3,3,-0.518,2.77E-19,327,0,-2.93E-06,15,1,0,50,End
201,3,3,201,3,3,-1.58,0.0265,327,1.15,0,161,3.025,21.8,161,3,3,0.22,0.0152,326,0.681,0,122,3,3,122,3,3,0,0,0,0,-1217,3,3.25,-1217,3,3,-0.518,2.77E-19,327,0,1.90E-06,15,1,0,50,End
201,3,3,201,3,3,-2.06,0.0239,327,1.88,0,161,3,9.25,161,3,3,2.62,0.03,326,3.03,3.89E-07,122,3,3,122,3,3,0,0,0,0,-1217,3.001,3,-1217,3,3,0.0769,2.77E-19,327,0,-5.39E-06,15,1,0,50,End
201,3,3,201,3,3,0.02,0.0221,327,0.907,0,161,3.05,21.8,161,3,3,0.344,0.0262,326,0.949,0,122,3,3,122,3,3,0,0,0,0,-1507,3,3,-1507,3,3,0.0216,2.76E-19,327,0,0,15,1,2,6,End
201,3,3,201,3,3,-0.619,0.0198,327,0.816,-1.28E-06,161,3,3,161,3,3,-0.695,0.0204,326,1.86,0,122,2.975,-9.5,122,3,3,0,0,0,0,-1507,2.99825,2.812,-1507,3,3,0.144,2.76E-19,327,0,8.03E-07,15,1,0,6,End
201,3.025,9.25,201,3,3,-0.94,0.0327,327,2.36,-9.96E-07,161,3.05,28,161,3,3,-0.829,0.0184,326,2.18,-3.34E-06,122,3,3,122,3,3,0,0,0,0,-1507,2.999,2.5,-1507,3,3,0.512,2.76E-19,327,0,-2.44E-06,15,1,0,6,End
201,3,3,201,3,3,-1.58,0.0228,327,1.73,0,161,3.025,15.5,161,3,3,0.159,0.0162,326,0.49,1.16E-06,122,3,3,122,3,3,0,0,0,0,-1507,2.997,2.562,-1507,3,3,0.144,2.76E-19,327,0,-9.80E-07,15,1,0,6,End
201,3,3,201,3,3,1.78,0.0273,327,2.75,3.05E-06,161,3,9.25,161,3,3,-0.293,0.0165,326,0.657,-1.16E-06,122,3.025,9.25,122,3,3,0,0,0,0,-1507,3,3,-1507,3,3,0.743,2.76E-19,327,0,0,15,1,0,6,End
201,3.05,21.8,201,3,3,0.339,0.0214,327,2.3,1.71E-06,161,3.025,15.5,161,3,3,-0.478,0.0308,326,0.655,-1.70E-06,122,3,-3.25,122,3,3,0,0,0,0,-1507,2.99925,3.875,-1507,3,3,0.144,2.76E-19,327,0,-2.14E-06,15,1,0,6,End
201,3,3,201,3,3,-0.3,0.0206,328,1.02,4.39E-06,161,3.025,15.5,161,3,3,0.025,0.0211,326,0.337,0,122,3.025,9.25,122,3,3,0,0,0,0,-1507,2.999,2.5,-1507,3,3,0.443,2.76E-19,327,0,-2.33E-06,15,1,0,6,End
201,3,3,201,3,3,0.978,0.0192,327,1.52,9.76E-07,161,3,3,161,3,3,-0.109,0.0154,326,0.804,0,122,3,3,122,3,3,0,0,0,0,-1507,3.001,3,-1507,3,3,-0.101,2.76E-19,327,0,2.43E-06,15,1,0,6,End
201,3,3,201,3,3,0.659,0.0306,327,1.87,2.94E-06,161,3.05,28,161,3,3,-0.511,0.0151,326,1.94,0,122,3,3,122,3,3,0,0,0,0,-1507,3,3,-1507,3,3,-0.278,2.76E-19,327,0,-2.81E-06,15,1,0,6,End
201,3,3,201,3,3,0.66,0.0219,328,1.47,-1.38E-06,161,3.025,15.5,161,3,3,-0.293,0.0172,326,0.797,0,122,3,3,122,3,3,0,0,0,0,-1507,3.002,3.25,-1507,3,3,0.144,2.76E-19,327,0,0,15,1,0,6,End
155,3,3,155,3,3,-0.0338,0.0158,327,0.961,0,108,2.975,-3.25,108,3,3,0.131,0.0253,325,4.74,-1.78E-06,51.7,52.9,-22,52,53,3,0,0,0,0,-1227,8.95,-46.4,-1227,3,3,-0.405,2.77E-19,326,0,-0.000176,15,1,2,50,End
155,2.95,-15.8,155,3,3,0.531,0.0211,327,1.35,-2.20E-06,108,3.025,21.8,108,3,3,-0.638,0.0173,325,3.18,-2.14E-06,56.7,53,3,57,53,3,0,0,0,0,-1217,6.5,1.19,-1217,3,3,-3.92,2.77E-19,326,0,-0.00014,15,1,0,50,End
155,2.95,-15.8,155,3,3,1.38,0.0234,327,2.25,1.50E-06,108,2.95,-22,108,3,3,-1.02,0.0248,325,0.872,0,61.8,52.9,-9.5,62.3,53,3,0,0,0,0,-1217,4.34,-16.8,-1217,3,3,-0.467,2.77E-19,326,0,-8.99E-05,15,1,0,50,End
155,3,3,155,3,3,0.237,0.0187,327,0.885,-5.60E-07,108,3.025,21.8,108,3,3,-0.385,0.0174,325,3.34,-3.96E-06,66.7,53,9.25,67.1,53,3,0,0,0,0,-1217,2.9865,-0.31,-1217,3,3,-0.407,2.77E-19,327,0,5.21E-06,15,1,0,50,End
155,3.025,15.5,155,3,3,-0.0338,0.0203,326,0.936,5.91E-07,108,3,3,108,3,3,-0.802,0.0195,325,3.28,-4.39E-06,71.7,53,15.5,72.1,53,3,0,0,0,0,-1217,2.999,2.9375,-1217,3,3,0.264,2.77E-19,327,0,0,15,1,0,50,End
155,3,3,155,3,3,0.555,0.0226,327,2.22,-1.15E-06,108,3,3,108,3,3,-1.02,0.0255,326,2.35,-2.22E-06,76.7,52.9,-3.25,77.1,53,3,0,0,0,0,-1217,3.00175,3.438,-1217,3,3,-0.332,2.77E-19,326,0,0,15,1,0,50,End
155,3,3,155,3,3,1.67,0.0268,327,3,0,108,3.025,15.5,108,3,3,-0.254,0.0228,325,3.8,-4.11E-06,81.7,53,28,82.1,53,3,0,0,0,0,-1217,3.001,3.25,-1217,3,3,-0.518,2.77E-19,326,0,0,15,1,0,50,End
155,3.05,21.8,155,3,3,0.544,0.0274,327,1.51,0,108,3,3,108,3,3,-1.53,0.0193,325,1.37,-6.03E-06,86.6,52.9,21.8,87.1,53,3,0,0,0,0,-1217,3.001,3,-1217,3,3,-1,2.77E-19,327,0,-2.05E-06,15,1,0,50,End
155,3,-3.25,155,3,3,1.1,0.0275,327,1.9,0,108,3.025,15.5,108,3,3,-0.0891,0.0169,325,3.72,4.54E-06,91.7,53.1,40.5,92.1,53,3,0,0,0,0,-1217,2.99825,2.562,-1217,3,3,-0.221,2.77E-19,326,0,1.93E-06,15,1,0,50,End
155,3,9.25,155,3,3,0.507,0.0192,327,0.363,-1.25E-06,108,2.975,-3.25,108,3,3,-0.889,0.0211,325,2.94,-1.66E-06,96.7,53.1,34.3,97.1,53,3,0,0,0,0,-1217,3.001,3.25,-1217,3,3,-0.518,2.77E-19,326,0,-2.41E-06,15,1,0,50,End
